"","Performance","Neuroticism","Job"
"1",31.4183517696332,2.60214437749933,"Technical"
"2",31.2490919434211,2.98425608427184,"Service"
"3",49.5169991021656,5.05376265891628,"Technical"
"4",45.5159349027072,3.33211026600777,"Service"
"5",8.83464616235746,3.4001102680586,"Service"
"6",65.8579016838915,5.23464685038106,"Service"
"7",51.9194301647157,3.78376097361218,"Technical"
"8",82.2510118778417,1.78703113554877,"Service"
"9",56.7979512848166,2.45594250323325,"Service"
"10",39.9421257416911,2.73496876337939,"Technical"
"11",91.8362597332203,4.66664360694838,"Service"
"12",91.0514274041763,3.6667987631196,"Technical"
"13",29.4896074862551,3.71418136910757,"Service"
"14",54.7227984944176,3.37858669762701,"Technical"
"15",43.3602479393174,2.60750590064241,"Service"
"16",52.9831525823053,5.31776574949309,"Technical"
"17",51.6381609221153,3.82648908911025,"Service"
"18",25.2312632111312,0.975422820384395,"Technical"
"19",52.8307664547895,4.06191820968981,"Technical"
"20",73.3102343304235,2.70358355733466,"Service"
"21",43.2987697787719,2.01520912288381,"Technical"
"22",44.6092825647758,2.99837286510638,"Service"
"23",67.1340868943599,2.0635885267222,"Service"
"24",59.9772355008718,2.40730960658043,"Service"
"25",21.3911196728192,2.52745272390927,"Service"
"26",48.3303939948999,1.29925804691874,"Technical"
"27",73.8481069110435,4.21975117292777,"Technical"
"28",69.1823043849815,3.42797390121992,"Technical"
"29",52.0764296338272,1.93386592389622,"Service"
"30",60.2981419601716,4.701040936679,"Technical"
"31",29.8599646004481,3.7439045398962,"Technical"
"32",51.5361873589318,2.90918223330321,"Service"
"33",34.2616835924741,4.28608444232447,"Technical"
"34",41.7876952685057,4.26642672312901,"Service"
"35",62.9018733797771,4.20100299648578,"Technical"
"36",31.1721740336011,4.04720787101233,"Technical"
"37",52.3224447402033,3.89135146751739,"Service"
"38",53.8411027027236,3.17891755177731,"Service"
"39",47.7892626031565,2.8965825636557,"Technical"
"40",74.5602831518564,2.81038617619592,"Service"
"41",30.8102892791171,2.446856306961,"Technical"
"42",56.3237163268799,3.01000823339367,"Service"
"43",44.1415648465974,1.78664344911615,"Technical"
"44",46.7509866225322,5.7597392638697,"Technical"
"45",56.3168540541746,4.64799511064806,"Service"
"46",30.1882058210484,1.95125176090707,"Service"
"47",26.825859908548,2.78445630558869,"Technical"
"48",39.1872771087976,2.71068216826124,"Technical"
"49",75.2541461624301,4.15285877761666,"Technical"
"50",48.1408520354773,3.15409420139394,"Service"
"51",52.846603675701,3.54359763417981,"Service"
"52",44.4879322712969,3.21751643498545,"Technical"
"53",54.5114304117371,3.20094578789144,"Service"
"54",35.0240798072505,4.83383488127705,"Service"
"55",64.6904087497252,2.98935383205231,"Service"
"56",58.6209850081602,5.00489916087459,"Technical"
"57",32.7953425646158,1.45883714613072,"Technical"
"58",49.1385781112251,3.92686283026773,"Technical"
"59",58.5048348035347,3.39382443025968,"Service"
"60",56.2322386969698,3.50035740398761,"Technical"
"61",70.5405249538074,3.68973445009285,"Service"
"62",37.3302541915387,2.66941884880193,"Service"
"63",63.8914963499198,2.86506399108725,"Service"
"64",61.6381666269409,2.07218298213347,"Service"
"65",43.3171785032431,2.0106192213262,"Technical"
"66",33.0350014855572,3.60168417529758,"Service"
"67",31.5327799358598,3.76906130138721,"Technical"
"68",54.463993777316,3.31186024007292,"Technical"
"69",47.7403445210026,4.31748395792134,"Technical"
"70",77.6022800465299,5.62222076246533,"Technical"
"71",54.8130777233607,2.68248254590938,"Service"
"72",38.2484439876551,0.579135347360737,"Service"
"73",33.3484577333008,4.41404903772647,"Service"
"74",37.4808309592929,2.43008889759433,"Technical"
"75",51.5888693055828,2.45460543499813,"Service"
"76",42.1197375621557,4.43699304204651,"Service"
"77",54.8087874810349,2.92109622111953,"Technical"
"78",40.4763164230908,1.83833078299636,"Service"
"79",46.0893588994129,3.46028567176057,"Service"
"80",36.0953384327808,3.08986217701866,"Technical"
"81",76.4082485436503,3.25720970011843,"Service"
"82",53.0654102837637,3.6962602538209,"Technical"
"83",50.3639756441569,2.82173618258713,"Service"
"84",22.662473119202,3.99600056111444,"Technical"
"85",57.1209130648352,2.9954672183059,"Service"
"86",32.3524013056242,3.63436956895113,"Service"
"87",35.5258067934436,4.51944037120815,"Service"
"88",62.0514675971763,3.75398927879378,"Technical"
"89",40.0369243134818,2.87348113658206,"Technical"
"90",22.5701837083363,4.57956124092978,"Service"
"91",75.8550451291212,4.39989512871327,"Service"
"92",12.0877497433388,3.88496474760073,"Service"
"93",56.496317788631,3.52672264152203,"Technical"
"94",61.9388861729501,2.52413620231485,"Service"
"95",39.8907520056,4.82463796285498,"Service"
"96",53.264863777072,2.55611956895131,"Technical"
"97",57.4269915196495,5.78099907795339,"Technical"
"98",65.5811024467761,5.02357105209895,"Technical"
"99",54.4250802512917,2.97786684748518,"Service"
"100",42.1326929892858,2.06310674630372,"Technical"
"101",60.2730279918347,2.42869394363243,"Service"
"102",59.9894602610514,3.54772209802887,"Technical"
"103",32.7967098643519,2.96515109920288,"Technical"
"104",25.5814579802599,2.84848002405121,"Service"
"105",48.4099245812734,2.14964324836235,"Service"
"106",43.1832661624407,3.19845011192269,"Technical"
"107",31.2330160783925,2.34250962406888,"Technical"
"108",46.1588190211037,1.3209509308452,"Technical"
"109",26.7607545878489,2.81066900837333,"Technical"
"110",51.2699961609958,4.31370000267006,"Technical"
"111",37.0375239421019,2.58494021259993,"Technical"
"112",62.9048993285653,3.95387638440095,"Technical"
"113",81.8402737122314,1.37886290145618,"Service"
"114",33.4006809244698,3.18626337514185,"Technical"
"115",64.2990191632855,3.85142739735933,"Technical"
"116",60.4299226311736,3.59893628832306,"Service"
"117",46.5123061094017,3.37279480764038,"Service"
"118",39.5436929731898,2.50932835716022,"Technical"
"119",70.0908385174351,2.26754465406413,"Service"
"120",15.3537801430045,2.06575841701864,"Technical"
"121",37.8138530736779,3.38664299602575,"Service"
"122",24.1203275171103,2.15443725931995,"Technical"
"123",67.8990551853939,2.68303058062911,"Service"
"124",44.1287492465657,2.95427616742098,"Technical"
"125",42.24284335772,5.3836481313608,"Technical"
"126",94.8642726124283,2.49632064518212,"Service"
"127",47.0162594576859,3.52285272626594,"Technical"
"128",40.7875085291136,3.34073178398554,"Service"
"129",50.5178017624453,2.13779914593503,"Technical"
"130",23.4515255043022,3.16804717596428,"Technical"
"131",57.0754964846451,4.92169743446794,"Technical"
"132",46.6433420518858,3.77287234545647,"Service"
"133",54.6094392009013,3.29824238224372,"Technical"
"134",31.8325216953664,2.7617677937033,"Service"
"135",28.7339527804269,0.875203181695945,"Service"
"136",38.5919504543032,4.55935027049657,"Service"
"137",33.5144973058441,1.56077203795844,"Service"
"138",68.3065477107663,4.10656364711155,"Service"
"139",74.346005537047,5.45912407584729,"Technical"
"140",42.8361802224927,1.5801460193397,"Technical"
"141",43.0266861536016,4.06241385149485,"Service"
"142",42.015060596908,2.94721313819987,"Technical"
"143",46.0810168143085,1.43177641218745,"Technical"
"144",46.5893423656266,1.49826920088101,"Technical"
"145",49.3951512233977,1.39777370112587,"Service"
"146",35.2530208476689,2.63635198157924,"Service"
"147",32.3124453368843,1.55948153428319,"Technical"
"148",66.6761625574011,4.04637089810983,"Service"
"149",42.2682255836913,5.68009227343265,"Technical"
"150",50.0715191235019,1.76161560064754,"Service"
"151",47.7510439154685,4.1618519640625,"Service"
"152",34.0181527651858,4.14022243916858,"Technical"
"153",56.9161389905268,3.63485616545571,"Technical"
"154",48.5187158700124,2.08398162882255,"Service"
"155",68.531589173031,3.11235027148879,"Service"
"156",48.7796501815324,2.92616061411794,"Service"
"157",43.2322245873192,3.9018464441168,"Service"
"158",51.0863078940266,2.81967843152807,"Technical"
"159",30.8699780683861,4.38077154084634,"Service"
"160",34.1336602813099,2.81720030046654,"Technical"
"161",56.7832173225163,4.46839057829591,"Technical"
"162",40.7557851565344,2.03678091173775,"Technical"
"163",44.4989587990097,1.79270672323907,"Technical"
"164",50.5969468121247,7,"Technical"
"165",36.8894276261391,2.76829166061597,"Technical"
"166",17.1641181211176,3.59555155491296,"Technical"
"167",53.6943201668674,3.98696902984436,"Technical"
"168",58.2697194290741,2.69087047144885,"Service"
"169",28.6012791186054,3.84848298102107,"Service"
"170",70.53141592919,3.6773849248815,"Technical"
"171",52.9508159660154,3.00137425422091,"Service"
"172",67.9281396599914,3.32607678000227,"Technical"
"173",32.8067655877416,3.21112994139837,"Technical"
"174",53.1943605812182,5.71288136417387,"Service"
"175",44.7701776035205,2.39291252545491,"Technical"
"176",57.4428749594509,1.98261715961962,"Service"
"177",38.7166946583271,3.29425752048682,"Technical"
"178",47.7380686060221,3.60972685374295,"Technical"
"179",21.0259016652142,3.75554178323064,"Service"
"180",34.8926658022167,2.72027263666718,"Technical"
"181",47.7038540997344,2.02041222463431,"Technical"
"182",38.5961789770971,4.71188109446308,"Service"
"183",46.2246729558937,2.84604158876072,"Technical"
"184",38.9844840837844,2.24925627086292,"Technical"
"185",56.2927386711244,2.97719677756187,"Service"
"186",64.8948219157764,3.0224346074433,"Service"
"187",36.5956625950223,4.53457369486669,"Service"
"188",42.8775339733482,3.34857124056473,"Service"
"189",70.4685505324099,4.12288275890906,"Service"
"190",13.2091217975743,2.67292582313734,"Service"
"191",42.880113503498,3.49862642810999,"Service"
"192",78.3343657791533,2.87492221829406,"Service"
"193",80.9328221194692,3.35996204597401,"Technical"
"194",48.4394867302729,2.2147231574555,"Service"
"195",32.2878446474811,1.73411560078517,"Service"
"196",52.9745773681237,5.56105559219159,"Technical"
"197",38.4029744320578,3.94548272286791,"Service"
"198",67.6165998654622,1.80298421245338,"Service"
"199",34.221175060028,2.54350237414292,"Technical"
"200",51.2888225293267,1.87909610293094,"Service"
"201",60.1936152851339,5.7942768754396,"Service"
"202",37.8923678998606,4.76883121182684,"Service"
"203",59.9696758659187,2.94380318889985,"Technical"
"204",36.8679449922996,3.87894567343373,"Service"
"205",56.3764619912081,2.77120424062636,"Service"
"206",63.3776407113749,2.69958601158967,"Technical"
"207",31.1832163475667,2.33823109623352,"Technical"
"208",63.3699793442285,2.56264699382441,"Technical"
"209",42.4838500899325,5.16042500332691,"Service"
"210",51.8149705623865,3.18803782763441,"Service"
"211",50.6711785061099,3.38849241234508,"Technical"
"212",41.2914252050879,3.53245573096983,"Technical"
"213",53.3727094039259,4.67635445929975,"Technical"
"214",27.9166144182596,2.65352303129872,"Technical"
"215",43.8385753991667,2.10234051308576,"Technical"
"216",62.5306737188426,5.18910316759702,"Technical"
"217",13.6747932247199,2.74017323159931,"Technical"
"218",23.6846183443335,2.41404866868376,"Technical"
"219",27.8629520640532,1.82033521490358,"Technical"
"220",21.2912885597619,1.76429346752259,"Service"
"221",52.9290459084311,2.58652915289745,"Service"
"222",33.2547290269405,3.96546994147826,"Service"
"223",16.1799368025792,4.53449022585968,"Service"
"224",38.7968756808246,4.06912834067004,"Technical"
"225",40.9236928744949,2.82983742944528,"Service"
"226",60.5439450401406,3.31966414377708,"Service"
"227",29.5568898468021,2.4354154683741,"Technical"
"228",63.9942032172001,2.42081381704362,"Service"
"229",54.8251398938161,4.27396605180094,"Technical"
"230",51.3866272380598,2.07563369626985,"Service"
"231",37.4249329744417,5.51256031452859,"Service"
"232",77.0017708037854,3.14605335143196,"Service"
"233",45.2467887229581,3.49873461508564,"Service"
"234",18.5349838142594,2.39616146662849,"Service"
"235",43.4444586031844,2.5860488087715,"Service"
"236",15.9885140188354,1.72692612372849,"Technical"
"237",42.4175163496033,3.03892057639062,"Service"
"238",41.6336851732805,3.73524905807956,"Service"
"239",58.2849116558391,3.62571894228015,"Technical"
"240",61.5872368049008,2.34640593858529,"Technical"
"241",35.1739538162411,2.33820896185413,"Technical"
"242",58.9181829955615,2.6695631505895,"Service"
"243",71.3624645575565,4.98128753976261,"Technical"
"244",33.7606205285823,1.93482996176477,"Technical"
"245",37.2224076430912,3.04340204866798,"Technical"
"246",60.2131393105461,5.45132475694873,"Service"
"247",50.0503410582546,3.13372657490681,"Service"
"248",53.6988679249754,1.67738370345267,"Service"
"249",67.7765908562383,2.4814901238761,"Service"
"250",54.0462901410361,3.81215490424343,"Technical"
"251",62.8467925084896,2.8160179642398,"Service"
"252",56.0404523326028,2.6005239313927,"Service"
"253",53.4925551618481,2.85267409683384,"Service"
"254",53.4302673888545,3.35523405989843,"Technical"
"255",69.4950774058451,5.09980657477792,"Technical"
"256",32.0379477417308,3.14808305711168,"Technical"
"257",32.2511270638648,4.50088475082493,"Service"
"258",57.3837539832027,3.9802411904904,"Technical"
"259",45.4257356353166,3.11907481693729,"Service"
"260",46.2132566642357,1.47717444721452,"Technical"
"261",57.903166632869,2.64767680917635,"Service"
"262",58.1335168773718,2.68382533873065,"Service"
"263",43.4952719854004,3.30509279463032,"Service"
"264",44.6427527054603,4.7547008679273,"Service"
"265",52.0272725157108,5.90333332762629,"Technical"
"266",65.9445501060808,5.04088988208744,"Technical"
"267",53.6975672751906,3.09650306578071,"Service"
"268",66.5466362746455,1.21846915733958,"Service"
"269",46.7117660975987,2.80077390989348,"Technical"
"270",64.6790749623798,3.35374236513708,"Technical"
"271",62.1373303116232,4.22811066173018,"Technical"
"272",58.1947959481268,4.36406008398281,"Technical"
"273",54.7689134309893,4.04219767408517,"Technical"
"274",41.0391717942369,1.63639161599446,"Technical"
"275",47.0531554886664,4.23346701340008,"Service"
"276",50.2296834436024,2.73393308063405,"Service"
"277",48.428992869646,3.45276512122004,"Technical"
"278",61.8813980075837,3.33678723961378,"Technical"
"279",46.4077390907664,3.74587415972696,"Service"
"280",46.3863053004124,3.27908701531159,"Technical"
"281",37.5151370560964,1.3214910024266,"Technical"
"282",46.4353298815311,4.10257066033722,"Technical"
"283",46.9605158487659,3.69712347156871,"Technical"
"284",11.8179790789744,2.94321715539869,"Service"
"285",26.8368455387924,3.3872190172474,"Service"
"286",46.5205749051424,3.405606448916,"Service"
"287",43.7200069849996,3.5062318689956,"Service"
"288",31.6474731754922,5.14878539543798,"Service"
"289",16.7902403789372,2.99712869379943,"Service"
"290",42.2842560967489,3.44497092871118,"Service"
"291",59.1379272068741,4.60220840351367,"Technical"
"292",75.9980749087482,4.47009066419169,"Technical"
"293",48.5765577107517,4.57546070933555,"Technical"
"294",69.2556943355543,2.58248644891594,"Service"
"295",51.7285624265928,5.56715153483199,"Technical"
"296",49.2783422914086,3.32770546348754,"Technical"
"297",55.2006212917259,5.41024436452796,"Service"
"298",32.1208376624474,1.68772381937541,"Technical"
"299",46.6645319112636,3.27481655307599,"Service"
"300",63.1403623144707,4.69652874246266,"Technical"
"301",34.9262541369783,2.42309976056381,"Technical"
"302",41.3819791733549,2.37977873956238,"Technical"
"303",28.5313847884953,2.16477493747351,"Technical"
"304",51.2087644232926,2.03292128122535,"Service"
"305",53.216530254932,2.74480496928465,"Service"
"306",57.7860261053509,3.63367221876504,"Technical"
"307",25.7991554689391,0.92036355807084,"Technical"
"308",49.3731284777736,3.49577488917414,"Technical"
"309",34.9393339643403,4.6812123466082,"Service"
"310",50.5131341140926,5.60774755888945,"Technical"
"311",69.8231664518692,4.75583149283864,"Service"
"312",40.91081064282,4.12603057478105,"Service"
"313",55.6950180986015,1.25294037954888,"Service"
"314",35.1001422704841,2.55467681345893,"Technical"
"315",39.6043006267837,2.84326965118311,"Service"
"316",55.1635586721907,4.06442630311538,"Technical"
"317",36.9277470377455,3.12829339890944,"Technical"
"318",19.5986385834725,1.79444968142875,"Technical"
"319",69.2279161310111,5.19921278650617,"Technical"
"320",54.2876676752265,4.30490164670468,"Technical"
"321",38.9020462416127,3.52521701972988,"Service"
"322",18.9378427482063,4.65973341179888,"Technical"
"323",74.3197859622251,1.70175478825935,"Technical"
"324",100,4.01502382529317,"Technical"
"325",49.7801504625895,2.64560016129865,"Service"
"326",61.3870224492735,4.04154530688965,"Technical"
"327",65.9552325165784,3.18017825664158,"Service"
"328",37.7061768328281,3.98279393464995,"Service"
"329",44.108489244662,4.79556025257609,"Service"
"330",21.1569522742067,3.25897497167286,"Technical"
"331",37.7622493144018,4.42772335973243,"Service"
"332",55.0797728919363,1.87567876903888,"Technical"
"333",41.8991754345222,2.41573946689522,"Service"
"334",46.4717933195466,5.00807720382211,"Technical"
"335",46.2811679859928,3.6871297482209,"Service"
"336",15.9467778180829,0.876388279605081,"Technical"
"337",58.086635372044,1.67252861538578,"Service"
"338",25.1550676062386,3.01826395435041,"Technical"
"339",45.5635809517081,4.25213466695013,"Service"
"340",40.5928128441552,3.13267570934396,"Service"
"341",45.0435808449141,3.97264444387982,"Service"
"342",71.0876892383284,4.35998490791999,"Technical"
"343",41.1069486800776,5.18373286180264,"Service"
"344",35.5918548543284,3.31534531558039,"Service"
"345",24.2228390135407,3.19040503490249,"Technical"
"346",32.4957556579004,1.22227529855809,"Technical"
"347",29.8301004318221,3.36545030888054,"Service"
"348",52.7552528485565,2.58898567334394,"Service"
"349",32.809381988508,2.12373977605741,"Technical"
"350",51.7708675781442,3.04241334598031,"Service"
"351",46.7358272006605,4.42469761020492,"Technical"
"352",22.5801400042521,0.945192291755685,"Technical"
"353",34.7424025760213,2.75623511980784,"Technical"
"354",61.0614026864464,3.38547535248141,"Technical"
"355",59.7984636357497,2.2172171217266,"Service"
"356",78.4367123139225,3.63682326337611,"Technical"
"357",47.990779784604,3.72651182292454,"Service"
"358",24.614126357838,3.21232278264337,"Technical"
"359",31.9787648322922,0.397820053992851,"Service"
"360",57.5452007856436,6.22538156882862,"Technical"
"361",76.0125216583325,3.01303694027517,"Service"
"362",50.0834730179126,4.00388662845027,"Technical"
"363",65.1837456087394,3.56725326543376,"Service"
"364",60.6624209615299,4.43595401762589,"Service"
"365",30.8938405995746,4.19646617812404,"Service"
"366",44.4972017990132,3.00783807064695,"Technical"
"367",67.8506894529864,3.68803187374289,"Technical"
"368",59.3086256655034,2.15682709975452,"Technical"
"369",55.7783535965726,4.24188897971593,"Technical"
"370",53.9760289496605,2.71718031862297,"Service"
"371",43.6204251163591,6.04643152430717,"Service"
"372",24.836838042799,1.34049396659248,"Technical"
"373",66.4199526410312,2.71376882283458,"Service"
"374",27.070137594738,4.20539768869651,"Service"
"375",33.9126174043362,3.84069783388792,"Technical"
"376",56.0906386999169,2.56858893799321,"Service"
"377",26.7021347829695,2.09739652709094,"Technical"
"378",39.2439211836017,3.41768075957621,"Technical"
"379",29.4044858311764,3.23398948888525,"Technical"
"380",54.137660095639,1.17942038341052,"Technical"
"381",54.2613770946016,3.29051235133083,"Service"
"382",54.1265899576462,3.47061285175045,"Technical"
"383",54.4160754729458,3.4526768484353,"Technical"
"384",54.2914353852337,2.03002475506053,"Service"
"385",57.8697630508898,3.80136513321562,"Service"
"386",19.5685966269124,4.84536638158994,"Service"
"387",45.8495648050856,3.77834705470108,"Service"
"388",47.4027065568277,1.93681416600931,"Technical"
"389",57.7806468368633,2.74655654243566,"Technical"
"390",29.8814607517729,3.65093784873862,"Technical"
"391",38.8349852084333,2.50199424366941,"Technical"
"392",27.8044948837562,0.754427081128563,"Technical"
"393",64.8475812312001,4.27350367560542,"Service"
"394",65.6151872497061,2.29094433656938,"Service"
"395",58.529230092852,2.58700718104613,"Service"
"396",31.1115646060021,4.99035732252892,"Service"
"397",53.1169473446638,2.35495700244148,"Service"
"398",66.2069083927684,4.22894191391257,"Technical"
"399",48.0563449844973,1.792096319738,"Technical"
"400",38.2681924503258,2.84038216800037,"Technical"
"401",30.7851004904271,3.16544661189246,"Technical"
"402",35.5207827001381,1.89856465860938,"Technical"
"403",57.3282612147312,2.5162206859517,"Service"
"404",40.8089270253077,3.21717539279709,"Technical"
"405",51.9021973581526,4.02644868310488,"Technical"
"406",64.6076199054687,1.34107512236503,"Service"
"407",55.6851184670126,2.84592144645751,"Service"
"408",69.3298602050653,4.12560447070781,"Technical"
"409",20.7147503081021,2.62720966468791,"Technical"
"410",43.4953932661444,3.51348827570862,"Service"
"411",49.1579929100928,3.81998527769563,"Technical"
"412",56.6284837114965,3.56039132492105,"Technical"
"413",30.6267858025199,4.00627486641624,"Technical"
"414",59.4966310087636,3.10858344307288,"Service"
"415",51.4661803987299,2.77197174724877,"Service"
"416",47.4116232967946,0.192764142176981,"Technical"
"417",55.0132085410511,3.14302070661201,"Service"
"418",46.3038462550882,3.74832432894754,"Service"
"419",62.3135249428879,3.86992762676904,"Technical"
"420",56.4357307326342,2.60815696737262,"Technical"
"421",47.8413680135031,5.30919308737974,"Service"
"422",63.6816209829358,3.58189683093689,"Technical"
"423",52.0620138498401,3.39667219595726,"Technical"
"424",59.5280305577377,4.72238732010535,"Technical"
"425",37.28759638375,2.41936997538358,"Service"
"426",70.7763159318372,2.72955848743108,"Technical"
"427",51.0057627535906,6.02407980395229,"Technical"
"428",60.3339424361538,3.26341630396326,"Technical"
"429",48.381395915105,5.14036599817745,"Technical"
"430",40.9772464415913,1.58637751291649,"Technical"
"431",59.0626629610655,3.03013830506319,"Service"
"432",23.8893536890692,3.68832818425853,"Service"
"433",55.1528470976749,3.59764659111295,"Technical"
"434",51.8766134492791,2.08715185342654,"Service"
"435",6.44647398397794,3.27282175024823,"Service"
"436",51.3842292218018,2.00410671202468,"Service"
"437",15.516906050046,4.07504569265411,"Service"
"438",59.1067074813246,4.50548399204114,"Service"
"439",37.1295672580431,0.676521945971746,"Technical"
"440",38.7275448237346,4.68007678234893,"Service"
"441",45.4273009947393,1.81481535557759,"Technical"
"442",68.998468326103,3.77664977259354,"Technical"
"443",38.7584967894717,4.01396221327227,"Service"
"444",55.6053267714999,3.01929494154996,"Service"
"445",51.6277967190742,2.5042289380159,"Service"
"446",29.7276519212946,3.44179606057787,"Service"
"447",21.6019409729957,3.75819705424042,"Technical"
"448",18.4512379952094,4.27240696367819,"Technical"
"449",52.6834404364999,0.87625620742496,"Service"
"450",44.4015464997052,1.35746480439805,"Technical"
"451",77.7468092053053,4.90532945313554,"Technical"
"452",57.7384530174272,4.46135378540249,"Technical"
"453",61.0073777243622,3.75411359371089,"Technical"
"454",68.8063741727316,4.07790903819897,"Service"
"455",41.1975049630444,4.31159254429428,"Service"
"456",51.1312543504333,0.1722021297876,"Service"
"457",62.3247059506746,4.53498647374617,"Technical"
"458",67.5125899827562,2.68947416425483,"Service"
"459",59.3718724135759,3.51733475989181,"Technical"
"460",53.3769830760548,2.9090823748085,"Technical"
"461",35.538130608653,4.25929053784895,"Service"
"462",57.9875564811354,2.84740430990022,"Service"
"463",55.8183286037875,3.85038223785767,"Service"
"464",56.4734544835483,2.79856994186247,"Service"
"465",52.2016028342968,1.98632961938669,"Service"
"466",46.1896470806906,4.65036497088373,"Service"
"467",47.377136748986,4.10766556531662,"Service"
"468",60.4987624942595,5.24528686664669,"Technical"
"469",50.1293905962573,3.32591585842655,"Service"
"470",36.5028839899766,4.55202212115944,"Service"
"471",46.0104427001634,5.53584240606097,"Service"
"472",26.9242145627316,2.92490335215134,"Technical"
"473",30.6960602269475,1.72006012868472,"Service"
"474",44.855386955265,2.97364287800432,"Service"
"475",19.7400068562206,3.00292361148805,"Service"
"476",21.9634725422791,3.42601576929118,"Service"
"477",66.7967407511989,5.23145388080906,"Technical"
"478",38.1515179768637,2.87323552522001,"Technical"
"479",19.8182805303294,3.68205882430553,"Service"
"480",45.3560937940679,2.98714064994241,"Service"
"481",67.5469912506362,3.27420008322152,"Technical"
"482",57.9715371148823,3.61386487482599,"Service"
"483",56.1543445005104,4.78711173177042,"Technical"
"484",65.6114287133501,3.39089076502457,"Technical"
"485",36.767442668065,4.07520649141757,"Service"
"486",59.704449506425,4.15158033490058,"Technical"
"487",39.8800171815303,4.30881415352042,"Service"
"488",46.557202750778,2.58604202671811,"Technical"
"489",83.5813617987496,5.13262977529139,"Technical"
"490",61.5871787660988,2.80982424062388,"Service"
"491",58.9416145243259,3.12816286515949,"Service"
"492",32.69502069144,4.87484355560131,"Service"
"493",37.4274999664933,4.7476268781623,"Service"
"494",80.5079251029871,1.98956345781679,"Service"
"495",29.4595906641226,2.24051249540051,"Technical"
"496",48.6161394138591,1.67942169535001,"Service"
"497",61.2740646394212,3.4609146763389,"Technical"
"498",63.1677886391848,3.44124058607079,"Technical"
"499",64.5411776781206,3.67177429517684,"Technical"
"500",45.77775513063,3.88931544823415,"Service"
"501",34.0146415559056,2.55423010239272,"Service"
"502",41.233626809845,2.10096217223764,"Service"
"503",35.2583465306376,4.43839711822295,"Service"
"504",58.1010670533709,4.1194208485079,"Technical"
"505",62.1667625320246,1.50463327210588,"Service"
"506",79.6344572475094,3.14046815334865,"Technical"
"507",51.6258667015492,2.21404700825679,"Service"
"508",30.9618273565659,0.854953520976113,"Technical"
"509",63.2323621148365,3.42421062172921,"Service"
"510",61.0623388422255,3.15890371917785,"Technical"
"511",43.64693016727,3.13789780247212,"Technical"
"512",24.0496093686417,3.50060147218256,"Service"
"513",60.3430808397331,4.27143790591672,"Service"
"514",64.9090214940993,3.48839067645678,"Technical"
"515",41.9923511171364,2.53740575976856,"Technical"
"516",54.4590575733058,2.40047479820339,"Technical"
"517",43.0219303743639,3.09806272338328,"Technical"
"518",58.2705636928494,3.60919034085065,"Technical"
"519",44.0535076641355,2.04776729654541,"Technical"
"520",41.8956717728011,3.03732007068923,"Technical"
"521",50.5888073152015,4.36954282372983,"Technical"
"522",42.9433957536185,3.12527540847671,"Technical"
"523",37.3661684646788,2.44256005556744,"Service"
"524",42.1934573640508,2.93130887417889,"Technical"
"525",48.9909895095295,4.54004366736632,"Technical"
"526",51.4125891317094,3.88687011285783,"Technical"
"527",72.6123388270837,4.68121321849993,"Technical"
"528",26.9726793186976,3.41145929432821,"Service"
"529",45.0068207329421,3.72517584266519,"Service"
"530",56.1767487141893,2.60447978856878,"Service"
"531",75.1446830698282,3.95087586724394,"Technical"
"532",53.1297771737323,2.66477970095974,"Service"
"533",45.0491349008423,1.60713306230035,"Technical"
"534",42.9354201075239,3.39861238935695,"Service"
"535",56.6820385416325,5.50163629213741,"Technical"
"536",63.6835969533575,4.17709428275348,"Technical"
"537",46.3950744637193,4.59858684455705,"Service"
"538",50.4564564823282,3.66569036232113,"Technical"
"539",49.7937115773845,2.54652034274957,"Service"
"540",58.2057076010777,3.01657511122759,"Service"
"541",63.9103553441442,2.93442902121693,"Service"
"542",50.9530450272022,2.70831703496511,"Service"
"543",47.3318337896286,4.06517061086518,"Service"
"544",66.8139471649105,1.86534854500947,"Service"
"545",51.2402518121754,4.25281343414266,"Technical"
"546",72.7367150733412,4.25025253578485,"Technical"
"547",44.6539962416542,1.86389221268306,"Technical"
"548",57.7313666819904,3.99034977580538,"Technical"
"549",27.5967205051848,6.06199522868471,"Service"
"550",44.8619695856417,2.6059159609522,"Technical"
"551",48.3731138452104,4.22798483757854,"Technical"
"552",34.6932685226101,2.34563620587164,"Technical"
"553",33.3506886711619,4.53548892691023,"Service"
"554",62.2230998020094,3.53955577204423,"Technical"
"555",63.8387765038503,5.161591039713,"Technical"
"556",25.4432180251384,1.56270324845835,"Technical"
"557",53.7971107974517,3.19119635651689,"Service"
"558",29.6934042852341,2.6409578774943,"Technical"
"559",31.1300263971637,3.0223316753368,"Service"
"560",54.4543673262585,2.522201146083,"Service"
"561",35.714885396071,2.28589348237477,"Service"
"562",63.4128614088599,3.92004728099564,"Service"
"563",46.3509359317157,1.99235285220699,"Technical"
"564",57.8329834730977,4.96737070816162,"Technical"
"565",37.6492980908158,1.87825563675579,"Service"
"566",30.0603924289312,3.36747663127423,"Technical"
"567",62.1456599381407,3.8671400883353,"Technical"
"568",51.9335421522654,3.92931723139279,"Technical"
"569",43.3235650680971,2.90145992331682,"Technical"
"570",48.5935347828403,3.342514687783,"Technical"
"571",69.0517994311892,4.36259801361928,"Service"
"572",34.5830154076042,1.56560098724928,"Technical"
"573",34.8299235465704,2.34617083448244,"Technical"
"574",38.4809936939822,3.62120480481994,"Service"
"575",22.6313684156242,2.73598679859181,"Technical"
"576",61.9718952967379,4.83545647610715,"Service"
"577",51.3699261485437,4.02940783215982,"Technical"
"578",50.6807113544128,3.33402877246879,"Technical"
"579",44.4663038200577,1.50626355483203,"Service"
"580",39.6983497839512,3.2807358342124,"Technical"
"581",34.4119229381673,2.88448957521223,"Technical"
"582",60.2223763264254,3.13213978073855,"Service"
"583",23.9263752603837,1.88363202157044,"Technical"
"584",54.8759030836041,3.82742333673896,"Technical"
"585",33.7814168547295,2.04860476837167,"Technical"
"586",51.3698194086487,2.9888320890006,"Service"
"587",36.731986876403,3.69180101924728,"Service"
"588",38.2662195903371,2.34411614545954,"Technical"
"589",75.2223736690912,3.9249859907979,"Technical"
"590",55.5827709856772,1.72751118785633,"Service"
"591",10.5162075427661,0,"Technical"
"592",50.0497133035008,3.78844835793749,"Technical"
"593",41.824901018018,4.22293578169451,"Service"
"594",29.6938166519002,2.91985557564258,"Technical"
"595",51.3775852856,3.83374934038875,"Technical"
"596",47.6380242426852,1.91329726918713,"Technical"
"597",42.2285980279317,3.10344700725041,"Technical"
"598",74.4752464555202,1.00445882220132,"Technical"
"599",15.0084412077246,4.61701287767161,"Service"
"600",62.9999727275956,5.40221455610609,"Service"
"601",44.6564735526749,4.49303280788529,"Service"
"602",57.3648496288456,3.21890443364028,"Technical"
"603",40.4623072314669,3.2119824514432,"Technical"
"604",36.0790229903607,1.49664961968232,"Technical"
"605",22.6028960510749,4.16491361378629,"Service"
"606",43.9125945623062,3.00674944594711,"Technical"
"607",84.1277586176165,2.49077574456952,"Service"
"608",60.3270047286218,1.61701239063487,"Service"
"609",72.4526811292071,2.90375534491325,"Service"
"610",60.0464832645249,2.26828876496578,"Service"
"611",64.2222694736087,2.79122898123876,"Service"
"612",59.3019503397769,1.84193758188695,"Service"
"613",57.2183956325922,5.20286129094231,"Technical"
"614",38.5334121921509,3.23202846395811,"Technical"
"615",40.9474355129163,4.49411195496704,"Service"
"616",19.1091023800804,0.24071553234726,"Technical"
"617",46.6414450598679,2.7262507604938,"Technical"
"618",60.0730780636387,2.46909675223755,"Service"
"619",61.2569380065897,1.83577587580352,"Service"
"620",51.2193027724044,5.03976551557618,"Technical"
"621",36.9357121224983,1.61324547804001,"Technical"
"622",97.9600841489472,3.61887712197741,"Service"
"623",59.9136791056101,4.2297572120249,"Technical"
"624",69.3006662347371,3.45668400145525,"Technical"
"625",40.950995820104,2.23798534153411,"Technical"
"626",48.2736720250607,4.33934686074554,"Technical"
"627",54.5032191054715,3.44788935983493,"Technical"
"628",71.3053171484682,2.02021350645293,"Service"
"629",40.5695735659219,1.64475034429951,"Technical"
"630",63.5792109289355,5.66460005491181,"Technical"
"631",14.5202329517603,2.4656020200182,"Technical"
"632",36.8800991041962,1.10388792278485,"Technical"
"633",28.5761315018601,3.86745253080971,"Service"
"634",64.8281162921559,3.60943706570819,"Technical"
"635",42.8581581673684,1.68433228465609,"Technical"
"636",38.5251869466432,1.00279520111364,"Service"
"637",68.0696140927384,3.11599451242351,"Service"
"638",66.1337394136393,4.56867356854261,"Technical"
"639",34.7260784656635,3.9864534840607,"Service"
"640",53.1783308662498,2.68027725495443,"Service"
"641",27.4628907679268,2.28549476625148,"Technical"
"642",40.5965161153458,3.56413002646382,"Service"
"643",72.25061700285,3.43257850529976,"Service"
"644",70.4370989139513,3.97903530613094,"Technical"
"645",63.6880025341969,2.79265490333738,"Service"
"646",40.102722487765,4.29097613823571,"Service"
"647",17.5345877414456,2.28940117080114,"Technical"
"648",29.0314433676444,2.86814436720775,"Service"
"649",63.0369006666122,4.10756666741993,"Service"
"650",44.5051311261027,4.39580878118442,"Service"
"651",11.5721834379868,1.00794524898131,"Technical"
"652",44.8413578553737,3.374546553603,"Service"
"653",69.7984556207472,3.95481887345921,"Technical"
"654",55.0009705322411,1.57212758368636,"Service"
"655",35.6572668609221,3.80656216089118,"Technical"
"656",22.642555350382,2.29245213166412,"Technical"
"657",36.3977117818432,4.43084039895604,"Service"
"658",48.7637658427735,3.87349447520492,"Technical"
"659",62.0989240790982,4.14023407032362,"Service"
"660",18.0920337650492,3.39019774471346,"Service"
"661",64.2984366436271,4.24966941356047,"Service"
"662",49.6024708185746,4.84761578772045,"Technical"
"663",59.0781370161548,5.52523271562414,"Technical"
"664",22.2263314695288,3.21769193271017,"Service"
"665",33.8566844123722,0.6486837510074,"Technical"
"666",40.6486450497945,3.2870127501812,"Service"
"667",63.6120704168493,3.48834868670002,"Technical"
"668",62.8239516750371,3.07082707178294,"Service"
"669",54.9025942236901,3.90797679436929,"Technical"
"670",73.360613787907,4.41976332292117,"Service"
"671",38.7907981638607,2.65130346328709,"Service"
"672",62.375008212434,2.91031151775318,"Service"
"673",47.4778435919586,3.71079262001107,"Service"
"674",36.4305316443246,2.61400448890922,"Service"
"675",61.604947580402,3.35612570090669,"Technical"
"676",65.4448816093999,0.98110253566296,"Service"
"677",59.0759566796509,1.95496399373411,"Service"
"678",37.6503379045191,1.71450211012221,"Technical"
"679",38.9742500984072,2.26301047865036,"Technical"
"680",67.3223214816718,2.44847875906957,"Service"
"681",53.3682440251705,3.69281826932977,"Technical"
"682",61.5331226984304,4.38671740320617,"Technical"
"683",41.1604062383814,2.40905381824426,"Technical"
"684",65.0861976384956,2.09732915084172,"Service"
"685",33.531680361358,2.04544371783586,"Technical"
"686",56.3017210685743,2.77091643654958,"Service"
"687",34.6246264622721,2.97401596709115,"Technical"
"688",10.6936017835218,3.81002343661647,"Service"
"689",26.5010680214667,2.87881053528249,"Technical"
"690",46.3308670092523,0.846001439036277,"Technical"
"691",60.7115672815625,3.14476381083488,"Technical"
"692",22.5839982532299,4.623960939573,"Technical"
"693",30.1950073507683,4.6290678891299,"Service"
"694",73.0619915105574,2.33781418347253,"Service"
"695",38.4642269448483,1.45996655177023,"Technical"
"696",58.8515102446482,6.09419533546003,"Technical"
"697",39.1563793113877,3.06264037784072,"Technical"
"698",42.7289830070605,3.13780295935026,"Technical"
"699",49.3863410906103,3.73709054342109,"Service"
"700",45.1307925182158,1.38330904026672,"Service"
"701",43.3822892079113,2.40808715919097,"Technical"
"702",37.9293054806293,1.46845118924614,"Technical"
"703",0,2.44872160198152,"Technical"
"704",76.0267304813441,3.38803451962518,"Technical"
"705",72.5798158314103,1.67175119257052,"Service"
"706",31.5668667578472,3.93307397876869,"Service"
"707",45.3022198009784,3.58527443637081,"Service"
"708",66.9649600823378,2.20448293734376,"Service"
"709",62.9499553164764,3.51236960731848,"Technical"
"710",67.9774296261039,4.11597321672301,"Service"
"711",32.7297883095831,4.47808952257393,"Service"
"712",86.3017767369302,3.00430371150843,"Technical"
"713",30.0343760403317,3.14221578556719,"Service"
"714",58.7562621213623,3.15022439524968,"Service"
"715",51.7612951421704,4.91812374762444,"Technical"
"716",42.9894920277475,4.55210211454539,"Service"
"717",42.9168910811424,4.21583461975691,"Service"
"718",31.9008162495052,2.91812562117973,"Service"
"719",72.6715563608498,3.68233274585762,"Service"
"720",49.3945654045561,3.71709538408103,"Technical"
"721",49.778042797845,2.04546172415539,"Service"
"722",47.9792138321689,1.25111933326867,"Technical"
"723",42.6885222131907,3.99305457000284,"Service"
"724",27.8418460720439,1.4813293095885,"Technical"
"725",51.281689351744,3.25248909905355,"Service"
"726",15.9509550686864,3.5400452449733,"Service"
"727",26.6974557774164,3.90286200978686,"Service"
"728",31.3330444511604,3.46968263861343,"Service"
"729",29.8953263281805,2.40272542398489,"Technical"
"730",50.5504445800738,4.39163740216653,"Service"
"731",74.3809178862176,5.2619128419356,"Technical"
"732",25.7082591446502,4.26994976111762,"Service"
"733",51.0598368418043,1.00199176975697,"Service"
"734",63.2325978409926,4.86966762836225,"Service"
"735",32.2810189906513,3.18569190421558,"Technical"
"736",47.4146795718723,3.85779836227738,"Technical"
"737",60.8946459851643,3.97015227480683,"Technical"
"738",43.3853987912696,3.1386881688029,"Technical"
"739",43.9477529407943,3.16347162995229,"Technical"
"740",53.6509736082254,4.42957253663928,"Technical"
"741",47.5889352624325,4.07377151391981,"Service"
"742",40.4730177560865,4.39614501060965,"Service"
"743",48.9356919660488,6.00727537343769,"Technical"
"744",77.0724389591009,4.01918342411349,"Service"
"745",61.0253588184228,3.49045412924953,"Technical"
"746",30.1433457067676,0.693128321773058,"Technical"
"747",32.5760096572012,6.36450184524928,"Service"
"748",41.2089398037024,2.6921474280043,"Technical"
"749",71.2456187335785,5.99779832537002,"Technical"
"750",52.4416097539199,3.68395483106372,"Technical"
"751",39.0881566404536,5.03030353550501,"Service"
"752",60.6732963570964,3.12362081975914,"Service"
"753",46.1685579561021,3.84224596506264,"Service"
"754",30.6967343242585,3.49806265119844,"Technical"
"755",54.1520349729756,3.03522402007009,"Technical"
"756",70.421952042089,3.11126140554871,"Service"
"757",55.5693864787771,4.42225796211822,"Technical"
"758",50.033669506881,3.0174806020286,"Service"
"759",34.3366040902065,0.893209532352875,"Technical"
"760",55.7680269220691,3.02392308778946,"Service"
"761",31.954658979297,3.87500832327662,"Service"
"762",23.2089192126461,3.96369981524087,"Service"
"763",47.6978109025237,3.96382950156115,"Service"
"764",44.3190399522218,1.29300145614504,"Service"
"765",83.9582665327455,3.67712755695394,"Technical"
"766",30.3882486543914,4.3702276320934,"Service"
"767",51.9612158714285,4.72737562596496,"Service"
"768",59.3238644463619,2.99029056580929,"Service"
"769",62.9116365428685,2.87815372981836,"Service"
"770",49.5195655360034,4.97177479322334,"Service"
"771",33.5754170460675,1.32096700069165,"Technical"
"772",45.7541177688566,2.7451862227221,"Technical"
"773",77.623441351581,3.7797650015051,"Technical"
"774",52.3019326945989,1.37898893413181,"Service"
"775",16.7435222710682,3.57403410444215,"Technical"
"776",71.9301325384242,5.42298401023454,"Technical"
"777",55.6354818986166,3.24584364781936,"Technical"
"778",46.485067410311,2.92840645576303,"Technical"
"779",47.8700680686393,3.79995194335183,"Technical"
"780",44.7161835092921,2.92769134200693,"Service"
"781",52.5595970937335,4.1915389893127,"Technical"
"782",41.1302394649298,4.2968546655078,"Service"
"783",51.6374404882349,3.25365519150087,"Service"
"784",31.4612664427753,1.88926258329075,"Technical"
"785",48.4587427012574,1.7255325649079,"Service"
"786",63.3548335090916,2.56452100804447,"Technical"
"787",56.3785662926326,4.17300609384984,"Technical"
"788",60.1662034543033,0.985154381763534,"Service"
"789",27.9551933079285,1.0683101456692,"Technical"
"790",47.258339238746,2.49420366387136,"Technical"
"791",57.4091337852773,3.70680447506231,"Service"
"792",29.7827973769442,2.19366502901451,"Service"
"793",72.5879693003152,4.27639378554777,"Technical"
"794",32.1846761235993,3.63620668418035,"Service"
"795",49.6624920145135,3.05313360330128,"Service"
"796",50.9747119984144,4.19781819956675,"Technical"
"797",49.8610441852911,3.69982891907163,"Service"
"798",43.5399501427967,2.73465287206436,"Technical"
"799",54.6155220846669,3.51791100073395,"Technical"
"800",32.7179871575819,3.99962943881313,"Service"
"801",28.3471449477796,3.66271445762618,"Service"
"802",36.4608773358216,2.48930966459767,"Technical"
"803",47.8482926551326,4.23989823274804,"Service"
"804",68.2912855816854,4.58433749860693,"Technical"
"805",71.9884879483007,3.57015476873006,"Technical"
"806",52.4986323951359,3.41725151229212,"Technical"
"807",53.1092117452036,3.16305297856741,"Service"
"808",47.0009758261312,5.751016333716,"Service"
"809",48.5707027955817,3.57020217212374,"Technical"
"810",25.8121744283601,3.06741583342813,"Technical"
"811",48.0148040550201,0.349208870568928,"Technical"
"812",36.8912016674886,1.43971530337317,"Service"
"813",52.39244322766,3.16068357217672,"Service"
"814",42.4700097744253,3.48919648242327,"Service"
"815",37.7758472892001,3.57084646340177,"Service"
"816",45.3358758290619,4.20091703974189,"Service"
"817",41.5425423029905,3.02593238361843,"Technical"
"818",65.9180988196441,4.65566144587777,"Technical"
"819",49.2000641022869,2.1844679263956,"Service"
"820",52.1602379664068,1.85253134079942,"Service"
"821",26.6735420284416,1.82876525161122,"Technical"
"822",71.3186871076146,4.10928172628166,"Technical"
"823",49.7176168693062,3.15461377919112,"Service"
"824",35.5948412007793,4.1642571807723,"Service"
"825",51.7134348881936,2.94084002523195,"Service"
"826",59.760272987332,2.56579965308505,"Technical"
"827",25.8100883361365,2.82440560772936,"Technical"
"828",70.3115389580581,1.10730627371013,"Service"
"829",43.2360972409715,1.8974496266081,"Technical"
"830",62.2812951282493,1.58229607732752,"Service"
"831",50.1224940358359,4.47025407031997,"Technical"
"832",41.453767787663,2.55950861188169,"Technical"
"833",20.7069411795,4.16384294180247,"Service"
"834",32.99013536461,5.00492229508806,"Service"
"835",46.4987492639523,3.02868295565469,"Technical"
"836",60.4447602897588,3.5789520054758,"Technical"
"837",16.1309054760335,1.22478551894866,"Technical"
"838",67.0976164904332,2.30344758506738,"Service"
"839",68.7867582506574,3.31557450996886,"Service"
"840",30.4818624976333,3.59654566611151,"Service"
"841",53.4489275329964,2.37201713280946,"Service"
"842",35.7796144592392,6.3565715034363,"Technical"
"843",44.8174662276617,2.72024393893306,"Service"
"844",61.6442001774955,3.32486267269016,"Service"
"845",61.6173008551407,4.00226537550087,"Technical"
"846",34.4618761129084,3.22044113936861,"Technical"
"847",40.5587158860704,2.5060181167496,"Service"
"848",34.1598122908877,4.45982303580451,"Technical"
"849",55.0422260616763,5.11951563414252,"Service"
"850",23.657057026461,3.21618925667635,"Technical"
"851",8.27658701220478,3.90101096740094,"Service"
"852",69.6304190610664,3.13784778987941,"Service"
"853",83.5504046548422,4.42644684818112,"Technical"
"854",38.7384550830847,1.913007046408,"Technical"
"855",62.5280569669258,5.93547259540303,"Service"
"856",46.387119384442,2.55233468609672,"Technical"
"857",67.6278373842622,1.56284359298152,"Service"
"858",55.3153472472394,2.84457532756405,"Service"
"859",50.7407416291918,3.42026379294237,"Technical"
"860",22.5202445387372,5.12885837473506,"Service"
"861",65.2797835781898,4.30469154190828,"Technical"
"862",42.2987824797389,3.41534703931615,"Service"
"863",23.9553114870787,1.64309084300201,"Technical"
"864",43.0321274095979,2.2486490511139,"Technical"
"865",45.2423816620104,3.0616420117306,"Technical"
"866",67.4160915352576,6.20405812147893,"Technical"
"867",26.8307371330649,1.09850163280866,"Technical"
"868",40.6569118252935,4.55902338377085,"Service"
"869",69.2550624486828,2.64060031113401,"Service"
"870",70.6221678233602,5.17787455934413,"Service"
"871",63.3815584330804,1.93263535888881,"Service"
"872",72.9134675436396,3.4166945633834,"Technical"
"873",48.8504761842772,1.9785048666501,"Technical"
"874",39.9420262796225,4.29579145881141,"Service"
"875",58.1224728644179,4.96707982175381,"Technical"
"876",66.4924873724059,5.50726999980541,"Technical"
"877",85.3496392447495,4.17326078670958,"Technical"
"878",20.3314763080558,5.3829589258824,"Service"
"879",53.4720098336254,4.69249050336394,"Technical"
"880",57.1796911268098,3.09797929139733,"Service"
"881",47.3144767196749,3.80241089651829,"Service"
"882",22.2426603500266,2.12607129671988,"Technical"
"883",58.4175713787696,3.03628663894338,"Service"
"884",37.4250379901387,4.66303638626369,"Service"
"885",55.9381052312179,3.87673615106339,"Technical"
"886",61.9210694794121,3.77964382209842,"Technical"
"887",65.3720805937673,2.04955964878158,"Service"
"888",22.8010517893345,2.55119866090688,"Technical"
"889",62.7120154467073,2.36599227871807,"Service"
"890",36.5052651699543,3.70784683954261,"Service"
"891",26.303608544406,2.10465369575148,"Technical"
"892",68.2682140131318,3.90074956670879,"Technical"
"893",63.1583003091834,1.95899372655596,"Service"
"894",46.5107298553663,5.36591153942634,"Service"
"895",59.6743998202252,3.78338515717707,"Technical"
"896",33.265433403649,2.43957192689951,"Technical"
"897",45.4885117901834,3.52939986479891,"Service"
"898",45.4574548248093,2.84279910321576,"Technical"
"899",43.713261382065,3.6799108701628,"Service"
"900",58.9571723284404,3.53227675079267,"Technical"
"901",69.2629670022911,2.07734401830991,"Technical"
"902",39.2822621724799,2.33509477691199,"Technical"
"903",47.3783052586868,3.59713194581933,"Service"
"904",74.8116029765282,5.14670967483127,"Technical"
"905",44.0638289177993,4.50530111280939,"Technical"
"906",6.85581481269862,2.52799852804125,"Technical"
"907",56.4946653246137,4.20602591356544,"Technical"
"908",33.8602538711215,3.194354069123,"Technical"
"909",32.6876555631014,3.59912172234036,"Technical"
"910",69.4293416801851,3.55174543581289,"Technical"
"911",88.5769256229061,6.22999934788486,"Technical"
"912",29.7987710653533,1.87931738190841,"Technical"
"913",63.2571626153496,3.36729235085116,"Technical"
"914",43.2794015796261,1.1913407031819,"Service"
"915",50.4738604667863,3.93290420082548,"Technical"
"916",67.6806041804359,4.51917366497129,"Service"
"917",52.8690341205022,4.92298315866229,"Technical"
"918",31.5395392824702,1.02340038242713,"Technical"
"919",40.8912762942687,3.72806153757396,"Service"
"920",60.2809513067393,5.09386163337242,"Technical"
"921",11.254393661967,2.77157916438136,"Technical"
"922",63.7578326425116,3.00511091289597,"Service"
"923",23.5238084473371,3.20827251138816,"Technical"
"924",48.3082645819186,3.67282017890484,"Technical"
"925",45.535426492923,4.02004414861019,"Service"
"926",69.0946497213353,4.77508745224426,"Technical"
"927",50.1469403674286,3.14007465638636,"Service"
"928",49.2686786419938,3.47760928300167,"Technical"
"929",61.8244432748943,6.12882896925403,"Technical"
"930",35.4943630937368,3.74926628844369,"Service"
"931",44.7264273537904,3.46890391746669,"Service"
"932",63.291282820332,1.69774179696995,"Service"
"933",57.8209224958423,3.25384536502595,"Service"
"934",27.6794238603103,2.99449592108198,"Technical"
"935",57.1073519143086,3.23776271364251,"Technical"
"936",25.5876996706039,2.58485844664427,"Service"
"937",37.2728692663293,2.45598553812564,"Technical"
"938",64.7437986773845,2.41670060364826,"Service"
"939",12.8494545279809,3.00238766251131,"Service"
"940",22.4376934871609,4.83329157395224,"Technical"
"941",68.8121534731966,4.46419711431476,"Technical"
"942",34.476878056792,2.83409722844922,"Technical"
"943",63.7743538888828,1.30015676779728,"Technical"
"944",43.5750836252603,2.27346888489431,"Technical"
"945",53.2304616279316,2.72097231044076,"Service"
"946",59.9488732469914,3.37043688885508,"Service"
"947",36.5049483433761,2.48399145931248,"Technical"
"948",45.8384577945517,5.57200802534583,"Service"
"949",40.6905955181102,2.93556341504536,"Technical"
"950",88.4118240639146,1.84616653687919,"Service"
"951",49.1234612209547,3.08711994064834,"Service"
"952",53.0823399637055,2.08745110989654,"Service"
"953",42.4732646682668,3.43119299274967,"Service"
"954",44.0965808469499,3.52082478322886,"Technical"
"955",68.9343401926156,3.66190958539882,"Technical"
"956",39.7969396063714,1.37426370983966,"Technical"
"957",48.0614371382905,3.50587534788726,"Service"
"958",53.6260965214475,3.6096913738408,"Technical"
"959",38.6900143674316,1.60650494858283,"Service"
"960",78.6745895259016,4.35577420770396,"Technical"
"961",26.8820979316721,4.1577242919622,"Service"
"962",81.5140311864322,5.9108996991291,"Technical"
"963",42.3092208891147,3.43182612414556,"Service"
"964",68.1353830756198,3.30460586239182,"Technical"
"965",17.1541855823823,3.36227845165761,"Service"
"966",62.0696907958081,3.331251683486,"Technical"
"967",57.9399552036852,1.11210039552338,"Service"
"968",25.5390463085984,1.31726616180145,"Technical"
"969",35.6134281506981,3.16083886312438,"Technical"
"970",49.4793869155737,2.57832243825683,"Technical"
"971",64.9030116457241,3.31386428234858,"Technical"
"972",32.555109168905,0.808149720644954,"Technical"
"973",41.7300237980594,1.51674370421948,"Technical"
"974",69.6475718400769,1.97626922045779,"Service"
"975",31.7698302473345,4.39128150432733,"Service"
"976",60.1664441286154,1.97973222904051,"Service"
"977",53.0299203015423,2.32560836442671,"Service"
"978",30.7188766739717,3.34294483869418,"Service"
"979",36.7685794953396,2.87716602322387,"Technical"
"980",59.5575599469795,3.41992679065931,"Service"
"981",54.7131448131263,5.91719609865045,"Technical"
"982",67.387620574678,1.94952213984742,"Technical"
"983",37.8001499122523,2.89715292765311,"Technical"
"984",20.551934120341,2.65271829145733,"Technical"
"985",65.6599365002202,5.00018471414306,"Service"
"986",36.9902588825632,2.36034801986431,"Technical"
"987",49.1251489215156,3.15557749570148,"Service"
"988",74.7673752399036,4.16115178857579,"Technical"
"989",41.9996273036859,2.02589069129951,"Service"
"990",73.509586897478,5.16536292338293,"Technical"
"991",31.7573258853675,4.03230989840319,"Service"
"992",59.8644127490583,2.00782493948776,"Service"
"993",51.8652688035029,3.77642827853699,"Technical"
"994",35.8868773725495,3.00377286528181,"Technical"
"995",28.4239639544587,3.61290595591114,"Technical"
"996",48.4484187350819,3.14645177359577,"Service"
"997",52.929512542499,4.48898813521109,"Technical"
"998",49.5846358907265,1.68749510674799,"Service"
"999",54.7911645206371,2.64594222331089,"Service"
"1000",40.0352383529774,2.96226031570226,"Technical"
