"","Salary","Neuroticism","Education"
"1",54405.770420786,2.73838712132524,"Medium"
"2",80677.2429927685,3.25756812659931,"High"
"3",47985.5634014599,4.12869724620007,"Medium"
"4",85307.7191913171,4.74697087629315,"High"
"5",98507.9043042675,2.81754232175136,"High"
"6",66758.762406294,2.31732358849498,"Low"
"7",68777.5306943614,2.48736903422641,"Medium"
"8",77922.9651461114,2.3381493972744,"High"
"9",72660.2088118444,3.38033802817966,"Medium"
"10",72086.4234607182,3.18457041855838,"Medium"
"11",78424.6472799595,4.0227137285794,"High"
"12",43336.2774721511,3.43670615899862,"Medium"
"13",67218.6857358249,4.00549952468164,"Medium"
"14",73652.1916755553,3.4276959211653,"Medium"
"15",41223.5754292196,1.87232919857026,"Low"
"16",89307.5081045405,3.47857583605895,"High"
"17",39801.7164277902,2.28603299793948,"Low"
"18",49106.2102749697,2.66318953220505,"Low"
"19",63815.8839070944,2.36467271016846,"Medium"
"20",77519.2232215642,3.94849831261052,"High"
"21",78768.1114552072,4.93153366275692,"High"
"22",58795.0814567119,3.15975638643839,"Medium"
"23",57323.6706252594,2.65598678449628,"Medium"
"24",78152.8861985419,3.8702735912243,"High"
"25",57762.5396658649,4.20370133301684,"Medium"
"26",62101.4900856546,3.72173036202333,"Medium"
"27",74710.9940957293,4.30786909235882,"Medium"
"28",45849.0017106316,3.37092893681872,"Medium"
"29",57986.1777223351,3.60241759458057,"Medium"
"30",51469.9175843937,1.92182252934912,"Low"
"31",98590.2222996573,4.62260302992956,"High"
"32",87292.9406597062,3.6736040789211,"High"
"33",66270.3394282936,2.0395326179737,"Medium"
"34",76881.7087438705,4.21509270921283,"High"
"35",40555.6508099733,4.05960861010352,"Low"
"36",70060.9179476976,3.93588420215492,"Medium"
"37",74768.9715772471,5.10054321367394,"High"
"38",43097.4316000958,2.70488039678663,"Low"
"39",66124.8237004601,2.73269815808463,"Medium"
"40",51367.252017187,2.22590401187823,"Low"
"41",55913.2877128235,2.16528914084973,"Low"
"42",66353.2186595237,2.85208650182942,"Medium"
"43",58383.7619011215,3.85329671764208,"Medium"
"44",81387.4237599964,2.23006753180762,"Medium"
"45",41390.3743050414,3.13811330259748,"Low"
"46",57324.7659551396,3.13622363841924,"Low"
"47",45819.6031514434,1.37534952750818,"Low"
"48",66379.1897273589,3.79808708725303,"Medium"
"49",35983.646002122,5.32673588753993,"Medium"
"50",81397.5716440193,3.63016904740166,"High"
"51",39363.1637429502,3.11979250146918,"Low"
"52",55721.2645423374,2.58446753570265,"Medium"
"53",65351.6486678727,5.05398382003959,"High"
"54",52305.5449328026,2.61180680167243,"Low"
"55",66339.8462839128,4.66233562477689,"Medium"
"56",32761.9708062682,1.15310486291954,"Low"
"57",47420.9973888914,2.35475547955823,"Low"
"58",70024.2775585789,3.65602616673035,"High"
"59",69602.5179219894,3.93743850865523,"High"
"60",69672.1595007031,2.7147532386214,"Medium"
"61",56710.8540291841,2.54038391006467,"Medium"
"62",51704.3507296612,2.89256811045214,"Low"
"63",65733.7197229066,2.32378288332152,"Medium"
"64",62647.5682503065,4.51902216522487,"Medium"
"65",78889.7615802477,3.09323494989322,"High"
"66",48307.7312181689,3.33847451996016,"Medium"
"67",89286.9177794674,4.56081514156678,"High"
"68",81479.5909328134,4.60669510380066,"High"
"69",79106.3657139021,3.84824831519953,"High"
"70",62134.2019339274,3.32005532331738,"Medium"
"71",92472.4128323743,4.92640914898988,"High"
"72",58678.9462981114,2.00888646826115,"Medium"
"73",55820.4143787631,2.5848620334114,"Medium"
"74",34399.4367139575,2.67205489857709,"Low"
"75",45264.9268320789,2.8725037749267,"Medium"
"76",47070.0619208256,3.56804043412312,"Low"
"77",61514.4967419682,3.82690768051853,"Medium"
"78",63713.430968016,3.31379364169307,"Medium"
"79",66231.6141475452,1.96510190331513,"Medium"
"80",36627.8598263469,2.42082586576612,"Low"
"81",34255.6635476727,2.1284392666997,"Low"
"82",71568.4696854119,3.16482154583051,"Medium"
"83",49545.4027156284,2.24355874695312,"Medium"
"84",84056.2920143313,4.53150850292615,"High"
"85",37045.5602208181,1.51164728360292,"Low"
"86",65568.953257295,3.05907607150592,"Medium"
"87",71143.8631200644,4.43143399807416,"High"
"88",77531.577122477,3.43698928620654,"High"
"89",98748.6531098818,4.60349911979194,"High"
"90",54446.9545057088,1.27471517924482,"Low"
"91",27793.1285955445,0,"Low"
"92",61475.3761970182,3.64910582225375,"Medium"
"93",53689.5471013789,3.96971023752316,"Medium"
"94",49780.3010051476,3.00817891425048,"Medium"
"95",62282.5411369054,3.68253301529959,"Medium"
"96",47837.6443693306,1.41180508038674,"Low"
"97",77508.1931094914,3.99729279242868,"High"
"98",71259.6802549135,0.741181253462813,"Low"
"99",32288.6259089512,4.2604962304394,"Medium"
"100",64780.8930970041,4.83988958274004,"Medium"
"101",54734.7386107693,4.16901243688056,"Medium"
"102",69113.5632511476,3.22884441344099,"Medium"
"103",56619.2619768457,3.22373674418877,"Medium"
"104",79213.4169465347,2.81165125545804,"High"
"105",39676.1144875581,3.92689619458948,"Medium"
"106",79132.4604301412,3.92594051983226,"High"
"107",110934,3.54520810324323,"High"
"108",77549.5727559995,2.04682248670351,"Medium"
"109",81518.4697104312,2.99629869683465,"Medium"
"110",55646.533348958,1.67375015567936,"Low"
"111",95017.4715498306,3.76690988099598,"High"
"112",75913.8140608088,2.2127927898188,"Medium"
"113",42117.1373097554,3.83914518741804,"Low"
"114",74269.8188302114,4.09217190857385,"High"
"115",51982.9071686084,4.16980872993812,"Medium"
"116",33220.7460635638,0.17762185571939,"Low"
"117",63089.3412475416,2.86531963879116,"Medium"
"118",93198.9499734262,3.52921136713491,"High"
"119",77386.0624495502,2.20824612156576,"Medium"
"120",57466.1232266262,4.57244165133793,"Medium"
"121",60236.1621248674,2.04404291531936,"Medium"
"122",97627.7306422425,3.5239807116547,"Medium"
"123",67062.9943694033,3.97474371044504,"Medium"
"124",57871.4557137022,2.55065645738335,"Low"
"125",60776.3949741747,2.50503291797369,"Medium"
"126",77170.7337888278,4.90925232956581,"High"
"127",46943.8893842139,2.54416696935673,"Low"
"128",64953.5992588644,1.49069762331699,"Low"
"129",43647.7665209766,1.21364668702863,"Low"
"130",64187.6202634003,5.03350151445576,"Medium"
"131",40309.7972567202,2.67298924563892,"Medium"
"132",81337.2182819023,2.52183588385258,"High"
"133",45260.0787159906,3.70740230050051,"Medium"
"134",73120.6083601056,3.5170149778847,"Medium"
"135",64346.4791151862,2.09649723924765,"Medium"
"136",63792.2124799069,1.59359707181785,"Medium"
"137",96602.126874042,4.00655148517593,"High"
"138",89507.7766277601,5.07847047268992,"High"
"139",68509.8075935362,4.64885543773826,"High"
"140",68110.9483277181,2.83139619692514,"Medium"
"141",50599.3939751548,2.54008970097465,"Medium"
"142",55346.562794343,3.48358331558496,"Medium"
"143",60150.6818607795,2.53286922563131,"Low"
"144",56678.0084029786,2.93609485086472,"Low"
"145",94616.1347318565,3.76796205626193,"High"
"146",32991.0804641375,3.16627322337276,"Low"
"147",24071.787715949,1.68932881263851,"Low"
"148",30333.5340460881,2.11637828272594,"Low"
"149",50695.1848555197,3.03093700204486,"Low"
"150",55001.4524005213,4.09727169013802,"Medium"
"151",62963.1449995712,2.45104063604497,"High"
"152",59229.8082863735,3.34369135292305,"Medium"
"153",75456.8394776972,3.77186914963775,"Medium"
"154",54621.4033317917,1.16005899627271,"Low"
"155",31585.4089128402,2.80882844715358,"Low"
"156",47001.4179590127,2.54522347918772,"Medium"
"157",48859.0406079399,4.12312121009534,"Medium"
"158",41033.804314356,2.85821720807014,"Low"
"159",69030.627987963,3.90868537842236,"Medium"
"160",20195.5572762583,2.50159683839176,"Low"
"161",70233.6021533421,3.98943674729944,"Medium"
"162",57017.0855495451,4.43065607188278,"Medium"
"163",61396.2953725675,4.9306635912459,"Medium"
"164",43087.945932577,3.22794971976182,"Medium"
"165",61713.5942014527,1.33230137441924,"Medium"
"166",56464.94891695,3.27910093596762,"Medium"
"167",72691.5839858747,3.42766493729631,"Medium"
"168",54577.0221825295,2.26593605225506,"Low"
"169",64604.6179830678,3.73730479505467,"Medium"
"170",76284.0328678395,4.11494753396371,"Medium"
"171",57565.6701701716,2.81001669310586,"Medium"
"172",54869.886745372,2.14749304901146,"Low"
"173",79030.3109046461,4.44544773178652,"High"
"174",55962.5360601719,2.7824941108245,"Medium"
"175",71719.9212036115,3.33009876914606,"Medium"
"176",83818.6375785634,1.57759024643655,"Medium"
"177",75305.9996601503,2.2961939763639,"Medium"
"178",60371.0114923737,2.11875928579599,"Medium"
"179",78372.1035785117,3.3771421342279,"High"
"180",79491.8946244913,2.66035414330047,"Medium"
"181",83463.9097512439,4.4321846178851,"High"
"182",67651.080465371,4.0905632429855,"Medium"
"183",60264.9674140222,2.63126282923887,"Medium"
"184",79203.6229931341,2.40124396274682,"Medium"
"185",56030.4495121506,2.3629581620532,"Medium"
"186",70071.5619016316,2.89827804488413,"Medium"
"187",53221.9742371022,3.04814338659581,"Medium"
"188",32236.6081054718,3.66502588139943,"Medium"
"189",66732.6422268439,3.83153553271168,"High"
"190",89343.1117363026,2.33154373543281,"High"
"191",71881.6698404622,3.17413670563969,"Medium"
"192",37873.4671484876,4.26562314367406,"Medium"
"193",62649.3200889589,5.12303490604003,"High"
"194",84174.994978906,2.5786957347704,"Medium"
"195",81123.2907226434,2.78458314509353,"High"
"196",59011.4862387305,5.35049606065392,"Medium"
"197",56233.7423610884,3.11353855302266,"Medium"
"198",58587.4333710744,3.16900035508504,"Medium"
"199",42026.4922629942,2.75756595696635,"Low"
"200",67202.9464772053,1.87437485785526,"Medium"
"201",42757.112289505,1.77690615050335,"Low"
"202",80693.9652131912,2.79084388381231,"High"
"203",29619.0947411023,2.66053333493072,"Medium"
"204",82279.1355009508,3.35364400338718,"Medium"
"205",86413.0740236935,2.08721376301567,"Medium"
"206",66377.4778249891,4.60946717435992,"High"
"207",58750.1237758256,3.49918558806463,"Medium"
"208",80177.8778937289,2.48031179115098,"Medium"
"209",52949.9229806926,2.59174637191373,"Low"
"210",54322.3348227254,3.0371401201937,"Low"
"211",45957.7682130368,4.15798591922436,"Medium"
"212",91385.9921759217,3.07049244449205,"Medium"
"213",30008.5973668848,2.31861315080426,"Low"
"214",70411.9181299839,3.17816602243371,"Medium"
"215",39184.0208731087,3.6290398803615,"Low"
"216",53269.6919198181,4.21259915420916,"Medium"
"217",54526.1540864749,3.96447035313007,"Medium"
"218",51421.9698463891,3.0069023962003,"Medium"
"219",97804.5099893134,4.42444744314132,"High"
"220",80425.6452494757,4.45009848547637,"High"
"221",68065.5586523675,2.36297144875663,"Medium"
"222",88985.6787990615,2.63047663542898,"High"
"223",55225.028149376,3.80008293089472,"Medium"
"224",54013.4994343384,1.94670314496359,"Medium"
"225",45318.7695113373,2.39998285049409,"Low"
"226",37183.167081846,3.46581136900043,"Medium"
"227",43730.3995808256,3.73353064088905,"Medium"
"228",48852.2629180332,3.41389142601618,"Medium"
"229",51944.5417543701,2.62659316325964,"Medium"
"230",78653.6025531636,4.94783705616488,"High"
"231",73758.4854983608,4.73636219259381,"Medium"
"232",41567.2768801153,4.00440143583703,"Medium"
"233",73080.9144326248,1.59300422694771,"Medium"
"234",47870.6790628963,3.59328453985487,"Low"
"235",50661.0664992019,3.20433718263612,"Medium"
"236",59253.1458699923,3.70027857519114,"Medium"
"237",49643.6454288837,2.92954014085986,"Low"
"238",78227.8272539085,4.02329693288285,"High"
"239",40232.6970622372,2.3342976497967,"Low"
"240",80802.6386323681,4.97582905533631,"High"
"241",58540.7078199406,3.8596432476999,"Medium"
"242",52013.1839894353,4.09751979084791,"Medium"
"243",32847.0276037446,4.43271520222505,"Low"
"244",80594.5576460974,3.81936318053088,"Medium"
"245",70767.164374266,3.42921852467436,"Medium"
"246",58789.606311354,1.36509662888026,"Medium"
"247",38493.5674685447,5.54995283610011,"Medium"
"248",78355.4402179982,3.69379848190405,"High"
"249",87726.1256804537,6.13300895172752,"High"
"250",63654.426757555,3.57200097582777,"Medium"
"251",48516.3322392939,4.56545974018897,"Medium"
"252",52778.1260022014,2.30489209050683,"Low"
"253",58390.6275433106,3.68880259926541,"Medium"
"254",48270.3084406605,3.43483278551856,"Medium"
"255",67449.2338340929,3.09330826585838,"Medium"
"256",98363.1628268533,4.00305896760457,"High"
"257",43937.1341295849,3.26314491649889,"Low"
"258",64467.5167075514,3.08021555510307,"Medium"
"259",61116.3362013456,1.51273477907034,"Medium"
"260",87847.956805567,3.93861279778522,"High"
"261",66891.000338788,4.56662104232393,"High"
"262",60066.6435238101,4.63206570738395,"High"
"263",59049.7439379686,3.77851801217294,"Medium"
"264",86111.0594107623,2.66138108232623,"High"
"265",87028.3237130149,3.56696319083293,"Medium"
"266",44643.4506241789,4.07839558717668,"Medium"
"267",59232.9335487469,4.34193192327986,"Medium"
"268",71455.5652768991,3.06015226860362,"Medium"
"269",55392.7175764849,2.12376410259443,"Low"
"270",56471.892483447,4.52227190051939,"Medium"
"271",78043.3009575214,2.68201660954017,"High"
"272",43200.6599553676,2.02564855878006,"Low"
"273",62778.0389089933,2.78905506098382,"Low"
"274",53374.529197574,1.01754370026959,"Low"
"275",56795.4346638813,4.34453483645355,"High"
"276",71315.3594056838,4.8552151786773,"Medium"
"277",86885.0694765521,4.10236601017839,"High"
"278",62185.8114017485,3.01448853282897,"Medium"
"279",40658.3136179067,2.80395082627637,"Low"
"280",60878.2223199173,3.01396085673274,"Medium"
"281",80921.6375829213,4.80018621256942,"High"
"282",33729.3517738003,3.17061093649324,"Low"
"283",64735.3389125397,3.25448668936171,"Medium"
"284",35947.6772313302,1.39407009889668,"Low"
"285",49177.2391756203,1.27325517092528,"Low"
"286",76100.6592399763,2.74598068930597,"Medium"
"287",45507.7619258112,3.07922417423666,"Low"
"288",60734.8706622129,0.72693667813048,"Low"
"289",36549.1931293374,0.788296578568395,"Low"
"290",64450.4880647828,2.69409414488777,"Medium"
"291",67245.2978871676,3.588861525415,"Medium"
"292",33518.1960667987,1.61868596297385,"Low"
"293",57112.7185634803,3.15551303469723,"Low"
"294",67991.8702837643,4.39041143145462,"High"
"295",83211.2070245651,3.96016697802916,"High"
"296",79723.1004616122,4.80481958610748,"High"
"297",80838.486768612,4.43735771413197,"High"
"298",41601.4642636566,2.01787609278035,"Low"
"299",46754.2477985817,2.59583531695242,"Low"
"300",66970.8898762224,4.65857785785456,"High"
"301",65045.7711369909,4.40997128230647,"High"
"302",37313.3058504601,1.83683951664652,"Low"
"303",77243.1111501422,4.83587006926289,"High"
"304",71887.4612926653,4.23638535811967,"Medium"
"305",78578.0170643749,3.48802891945242,"Medium"
"306",64735.8607932348,3.37520296306642,"Medium"
"307",47021.0659442938,2.33398873065402,"Low"
"308",32412.3015436581,4.24362393031422,"Low"
"309",61230.1187264393,3.48806389799606,"Medium"
"310",46329.8516179156,3.11706231933333,"Medium"
"311",73368.7037951701,1.11132151704931,"Medium"
"312",60879.338144695,1.91599653897183,"Medium"
"313",65656.896944169,3.1858837562956,"Medium"
"314",37868.8307186876,2.57464712864277,"Low"
"315",53230.8630435852,3.48853931481404,"Medium"
"316",75533.8199282885,4.80710619278017,"High"
"317",77301.9990296238,3.94009543935119,"High"
"318",50693.938508609,3.43537127643704,"Low"
"319",67095.7679065167,2.46554289214314,"Medium"
"320",89739.586349391,3.07425322012992,"High"
"321",70951.8426687134,3.05671643376787,"High"
"322",75981.1607311836,3.88584591835932,"Medium"
"323",44541.481552948,2.32776152030583,"Low"
"324",49303.004449003,3.92641181849225,"Medium"
"325",46852.9235680271,2.17001976383475,"Low"
"326",54275.2792031393,1.89328080054125,"Low"
"327",66432.7550901825,3.79139061934429,"High"
"328",67774.4996367259,0.817071475480777,"Low"
"329",63796.0556121026,2.25375463512226,"Medium"
"330",98290.1411026952,2.87484901670921,"High"
"331",58872.6800619585,4.15220420852137,"Medium"
"332",59896.0500737334,2.74228208664685,"Medium"
"333",38275.7776256569,3.9261061552315,"Medium"
"334",63255.4370400238,5.40037453766084,"High"
"335",61805.2259642291,3.08848167245781,"Medium"
"336",69992.2352779518,3.49452032239906,"Medium"
"337",46337.7316262471,1.75740175787654,"Medium"
"338",79890.5394299915,2.55333692670363,"Medium"
"339",77198.1559259149,3.30017640511839,"Medium"
"340",66884.9757280532,4.36114591808947,"High"
"341",69512.5197220483,2.60393378764161,"Medium"
"342",21740.0978003654,4.69045771763718,"Low"
"343",61761.5570626482,2.86088725845329,"Medium"
"344",52713.2382542951,2.45338666839078,"Low"
"345",69211.4312691069,3.80687950255455,"Medium"
"346",52141.2304118049,3.22997833496445,"Medium"
"347",78599.000116941,3.55645531444638,"High"
"348",47088.2930639932,4.14450724069531,"Medium"
"349",40829.798689616,3.77764516669826,"Low"
"350",44153.6714089854,3.22684090844803,"Medium"
"351",10934,2.87852138353852,"Low"
"352",97673.2092185519,4.02267682473095,"High"
"353",83806.5089984159,4.11987924795758,"Medium"
"354",41246.0433871614,1.41159092757284,"Low"
"355",62353.4963540751,5.23337595893518,"Medium"
"356",82736.1667338065,3.59063190005252,"High"
"357",83169.0381593978,2.00685181149425,"Medium"
"358",69053.8567544229,2.95263028707077,"Medium"
"359",63421.8917911577,3.37742569823364,"Medium"
"360",55016.5142517073,5.49182587128617,"High"
"361",51588.6108922959,3.17639369806131,"Low"
"362",38029.7364102826,2.52015427975752,"Low"
"363",69661.6667998892,2.91970893493647,"High"
"364",62276.5306666599,2.51290157466545,"Medium"
"365",60746.0957733315,3.11280186752739,"Medium"
"366",84085.5637730741,6.28520622536384,"High"
"367",35598.5655526798,0.81057460907331,"Low"
"368",32357.190999223,3.36406290776977,"Low"
"369",80175.0650337638,2.8021189320892,"Medium"
"370",71301.4822941436,4.67435108944724,"Medium"
"371",78582.5581196026,2.27971787480855,"Medium"
"372",79861.1824671482,3.37479199540786,"Medium"
"373",86796.8928527228,3.16720796723296,"High"
"374",52010.850697893,4.02346979530079,"Medium"
"375",62863.1531663114,4.51880752272525,"Medium"
"376",86116.3544906994,5.77105245220252,"High"
"377",105283.466343681,4.78669888903063,"High"
"378",14089.8548353658,3.97203763443547,"Low"
"379",60488.0456069454,4.31619050080923,"Medium"
"380",88605.1515283988,3.99325821340962,"High"
"381",59394.730025883,3.65940865559854,"Medium"
"382",66511.0462486851,3.27609592678958,"High"
"383",70604.9696986053,3.09409236289755,"Medium"
"384",67872.9146809828,5.14809995871058,"High"
"385",65493.4436381901,3.71425260152252,"Medium"
"386",89461.4664101815,4.49625242296708,"High"
"387",60443.9583004097,1.51235188138581,"Low"
"388",46110.641898545,2.73615024754743,"Medium"
"389",57240.4435422947,1.74584471166318,"Low"
"390",32598.237301967,2.7359872873211,"Low"
"391",69602.8174647623,3.26029206904941,"High"
"392",74533.9258929816,3.73197188788309,"Medium"
"393",78314.4665705012,2.29916748046183,"Medium"
"394",71864.8175137988,5.6667452984043,"High"
"395",49467.4224385909,2.79172634173657,"Low"
"396",35139.9456209343,1.80013848126635,"Low"
"397",59105.8390644925,3.4579562374143,"Medium"
"398",42600.5521179215,2.09767623728643,"Low"
"399",38046.7156817139,2.71537358336034,"Low"
"400",88229.6840629138,4.31372245566188,"High"
"401",101533.1874348,3.2401405003535,"High"
"402",40004.2541197417,1.72304571919945,"Low"
"403",79399.4450910331,4.36157852868446,"High"
"404",74526.4153081352,4.65135479765636,"Medium"
"405",54247.9094104466,4.1780651102411,"Medium"
"406",34388.9318094458,2.71903107533471,"Medium"
"407",64622.6829335603,3.95723259585307,"Medium"
"408",32639.6245688903,2.35708552767542,"Low"
"409",49351.3973681048,3.50940337753009,"Medium"
"410",76753.9521217116,3.47444483601826,"Medium"
"411",80502.6919406798,5.45070463658511,"Medium"
"412",73070.0150206514,3.09401840222166,"High"
"413",53742.7838429937,2.48469515147471,"Low"
"414",66579.4425459233,1.73272312504069,"Medium"
"415",61226.7183460774,3.75569850712569,"Medium"
"416",52531.4045572875,3.33465815380955,"Low"
"417",78300.8415819659,5.33991237584657,"High"
"418",58537.0121182189,1.60880145230235,"Medium"
"419",54926.1703964514,3.60454692325221,"Medium"
"420",44810.5648668689,3.75871530712925,"Low"
"421",36698.2688298503,2.89876706587156,"Medium"
"422",74682.4680138634,3.07108807123452,"Medium"
"423",44085.8089771495,3.2209992123363,"Medium"
"424",60635.8621553612,3.56378481478505,"Medium"
"425",76386.4049485666,4.67364169109693,"High"
"426",71739.3424505757,4.37713805659769,"Medium"
"427",64073.7471370857,3.17067662017375,"Medium"
"428",62107.9559804168,3.41974042658602,"Medium"
"429",41921.2889530763,4.52240852216884,"Low"
"430",70003.1313423357,4.47383711038913,"High"
"431",77934.5866628201,4.2669602041869,"High"
"432",79430.9301059585,2.10639199941645,"Medium"
"433",69315.2734314594,3.25462701671867,"Medium"
"434",67154.798525374,3.91689875254611,"High"
"435",49691.7555603453,2.38911638135003,"Low"
"436",48043.81587612,2.76098750481743,"Medium"
"437",38044.6684631536,1.8122499393705,"Low"
"438",77705.5664399782,2.6369053243471,"Medium"
"439",17822.9719528197,2.21543521933985,"Low"
"440",17791.8672124615,3.56644297202976,"Low"
"441",72741.4353672937,4.14773483442171,"Medium"
"442",53657.7076132309,2.94489859069439,"Medium"
"443",81337.949569902,1.81301753371716,"Medium"
"444",43424.464233855,1.67757252021721,"Low"
"445",87148.5760807881,3.71506810692298,"High"
"446",70437.3515690194,3.34065886776602,"Medium"
"447",75681.8259943331,3.54020203934143,"High"
"448",32248.6114120939,4.11153528770835,"Low"
"449",57865.4249352047,3.01976958958771,"Medium"
"450",97461.704917858,2.21591329818879,"Medium"
"451",63521.8963223249,3.13160180523863,"Medium"
"452",70349.747461819,2.39395504397017,"Medium"
"453",38097.2487372611,2.5318468682127,"Low"
"454",38950.5443415454,2.59798537120468,"Low"
"455",56800.43610566,2.70209059503827,"Low"
"456",82444.4894668233,2.72134377837841,"High"
"457",80261.0792779561,4.2942410946881,"High"
"458",64821.2480917586,3.51720262959956,"Medium"
"459",42404.424335556,1.1854257488379,"Low"
"460",61312.3389810807,3.2140871439526,"Low"
"461",62031.7021005482,4.77523464739448,"High"
"462",76513.9055069735,5.21524383678247,"Medium"
"463",57130.8347440337,3.38595743984885,"Medium"
"464",57600.7855469581,2.43843934778765,"Low"
"465",38767.1676434659,3.33463882933869,"Medium"
"466",72161.1193617335,3.31174445237067,"Medium"
"467",58591.0463511466,0.820609015433894,"Low"
"468",52946.8645943128,1.82564240376032,"Medium"
"469",53226.5276171558,3.18599834410816,"Medium"
"470",84925.6349568704,3.60980803181121,"High"
"471",55170.1950289232,2.44527105373414,"Low"
"472",79285.6239152405,2.3036132882478,"High"
"473",64163.7639081104,1.97283511256948,"Medium"
"474",102211.931080565,3.16555830374204,"High"
"475",45584.8805124646,4.09393105271064,"Medium"
"476",76017.31649033,2.31447023745564,"Medium"
"477",69382.9511568027,2.56968916918507,"Medium"
"478",29733.5424503412,2.46672933826231,"Low"
"479",36029.9921922788,2.12303528266118,"Low"
"480",69954.6355330434,3.37717702723881,"Medium"
"481",37477.9078934385,4.36624650453218,"Low"
"482",100641.994966288,3.14582187025658,"High"
"483",55873.8692076965,2.99142683171425,"Medium"
"484",44048.9483452914,2.81106068226049,"Medium"
"485",87475.4320389631,5.39687871871279,"High"
"486",38207.9582414433,1.74167986313019,"Low"
"487",44098.8308332828,2.32847263816884,"Low"
"488",78333.8138363572,3.92412037714112,"Medium"
"489",62379.6260311671,2.34853015724415,"Medium"
"490",92646.7860477934,5.5187622538694,"High"
"491",66131.9021742086,4.68269247904891,"High"
"492",56526.5372492586,1.48155620966329,"Low"
"493",62867.1610878416,3.64023631230484,"Medium"
"494",54041.0941074723,3.07010073777103,"Medium"
"495",26981.6030003468,2.6659312515937,"Low"
"496",81948.2227837629,4.02902562798173,"High"
"497",60879.1015396827,4.16602790879812,"Medium"
"498",50159.5025964524,1.2451876680129,"Low"
"499",69439.5072049863,2.8060606816917,"Medium"
"500",76433.4940170174,3.89311238532688,"High"
"501",59223.9540140661,2.40213197170794,"Medium"
"502",67808.6719611917,2.36443822195736,"Medium"
"503",55580.2846699515,3.23684025703397,"Medium"
"504",56651.7034696181,2.28571515251725,"Low"
"505",72203.8064443046,1.07595936306509,"Medium"
"506",32013.7032247241,3.2868242328135,"Low"
"507",40416.3247101861,3.46536569428138,"Medium"
"508",46200.4177949539,5.31476842252721,"Medium"
"509",101520.764236546,4.69074730661704,"High"
"510",56814.488594975,2.8706451110317,"Medium"
"511",42744.4663486165,5.64016343126125,"Medium"
"512",40248.305793192,4.81625660410715,"Low"
"513",89873.4913486598,3.0654870743429,"High"
"514",68507.3045304078,3.6525749992563,"Medium"
"515",59204.3805522215,3.07185943488269,"Medium"
"516",54484.1780449131,2.55822055572162,"Low"
"517",47639.1701725594,3.44642931663903,"Medium"
"518",84495.6973975013,3.02861937168524,"High"
"519",33564.6006951185,2.64233723826101,"Low"
"520",82538.1431993975,5.59906580845631,"High"
"521",63642.5683832665,3.1121146232171,"Medium"
"522",74679.0484261851,3.1131076609692,"Medium"
"523",80092.1134259772,4.44607071862983,"Medium"
"524",41012.9969092633,3.16545559304646,"Low"
"525",61171.2189741425,1.84496226605084,"Medium"
"526",51569.717057469,3.44729511991696,"Medium"
"527",72225.9293850404,5.51737202640946,"High"
"528",36896.1308778329,3.60668688150969,"Low"
"529",101806.516971883,4.4643212706881,"High"
"530",46460.3695598546,3.86785434497673,"Medium"
"531",72507.2220892935,3.08407652848199,"High"
"532",56010.642009135,3.50839429862301,"Medium"
"533",71470.8087242736,2.43742994631539,"Medium"
"534",91582.0158715802,3.7148482639952,"High"
"535",29070.4747627042,3.1972174808897,"Low"
"536",66897.9224937332,2.28168768107301,"Medium"
"537",60237.0026706018,3.48004197096595,"Medium"
"538",92801.2217524817,4.4714751741889,"High"
"539",73711.394232006,3.29906421060889,"Medium"
"540",51943.2500807514,4.80768841290144,"Medium"
"541",84754.9398968836,3.23311232123219,"High"
"542",47771.6415799914,2.91596467185811,"Low"
"543",62447.504984867,4.02991736910447,"High"
"544",59008.0685644714,3.02953124980322,"Medium"
"545",85689.6892558643,4.50200077408939,"High"
"546",78333.6593729978,3.23477414116439,"High"
"547",46230.3981770404,1.27732688850442,"Low"
"548",82215.3076074961,3.68372202950361,"High"
"549",66703.113628098,5.60120827120836,"High"
"550",50227.273067872,3.29979220176588,"Medium"
"551",58249.9214708088,3.53511575367761,"Medium"
"552",39196.2897772664,2.23648425365891,"Low"
"553",69431.6888259102,3.65382198103102,"Medium"
"554",101238.209098207,3.29343740923126,"High"
"555",57573.7946877832,4.24063158607614,"Medium"
"556",64138.7118524192,3.75131875081273,"Medium"
"557",63555.6467481308,2.56376584943363,"Medium"
"558",68215.1447490102,3.29875798821401,"Medium"
"559",61663.277725223,3.86368072228974,"Medium"
"560",43245.8635620107,2.8746489469533,"Low"
"561",49996.7532480331,3.66358875742043,"Low"
"562",71725.278042441,3.58255941527237,"High"
"563",93323.1661720967,5.0586150038414,"High"
"564",42895.0748568969,3.2833879376348,"Low"
"565",64209.781226437,3.11348631907583,"Medium"
"566",58608.660717714,2.41909560048772,"Medium"
"567",63458.1170285004,2.32244737803655,"Medium"
"568",83443.7813758577,4.49661917063484,"High"
"569",38606.8854959781,3.19147210448118,"Medium"
"570",67986.9823201327,5.62455159111245,"High"
"571",66417.2215637585,3.70900595304515,"Medium"
"572",78719.2185738797,3.78832407616427,"High"
"573",56068.5800325652,2.37674160936442,"Medium"
"574",56427.9630979534,2.75502563092906,"Medium"
"575",82277.8039831189,4.39853677010783,"High"
"576",44724.059842807,2.86725158994579,"Medium"
"577",69702.294743534,3.69115811341176,"Medium"
"578",19153.4155468129,2.1131401128242,"Low"
"579",56307.4110021591,3.16207845219681,"Medium"
"580",55221.5367852341,2.62859421731711,"Medium"
"581",60269.1780227595,5.7320602232917,"High"
"582",67508.7065706007,4.38977270244751,"High"
"583",82818.7772506083,4.30271124277263,"High"
"584",65992.7625958856,1.80794180397357,"Medium"
"585",75159.3818350113,4.66905935370116,"High"
"586",19772.7299203775,1.52473607086752,"Low"
"587",49712.7798098773,2.49114747191566,"Medium"
"588",57038.3523529166,4.03612484058223,"Medium"
"589",72416.0761360962,3.7193874457841,"High"
"590",58554.6430827038,1.75970253116766,"Medium"
"591",67466.5975392175,4.76305591417175,"Medium"
"592",52481.3274013608,0.369087874707892,"Low"
"593",67080.5435403643,4.59480913609088,"High"
"594",33744.3035022967,3.26691367800216,"Low"
"595",41387.6990113525,1.85992403252703,"Low"
"596",71611.950011276,4.48509506466242,"High"
"597",49274.0883759996,3.62704972376428,"Medium"
"598",57520.8802416187,4.1405100460918,"Medium"
"599",87496.3544180733,4.519080602575,"High"
"600",45849.5012207098,2.18950216170774,"Low"
"601",37112.950807386,3.18047614613267,"Low"
"602",63286.4603319187,3.93563495274307,"Medium"
"603",54578.2778573915,1.5990496160589,"Low"
"604",64774.9896691497,2.05641603728573,"Medium"
"605",47059.8633026113,2.53536544346532,"Low"
"606",68796.8806972486,3.87196618991686,"High"
"607",42983.6846875635,1.55724663232211,"Low"
"608",75760.1715443471,4.17747922989409,"High"
"609",68290.3054543083,2.12538266142012,"Medium"
"610",65104.3797959108,3.38981877958391,"Medium"
"611",62342.4088213593,2.71872298354942,"Medium"
"612",30594.6548284545,3.21562253637144,"Low"
"613",23791.490447279,4.46819470944967,"Low"
"614",87015.7188072501,3.32391273376123,"High"
"615",73337.4716670904,4.15505699848378,"Medium"
"616",69120.3471315386,4.81021597067825,"High"
"617",76681.2798727461,4.04591152457567,"High"
"618",86040.4865320313,3.71858013171372,"High"
"619",69204.5024286346,5.45058337066351,"High"
"620",50615.1455513974,0.686599771298047,"Low"
"621",82418.4409375763,3.55677337807514,"High"
"622",76890.2309555543,2.87928045257869,"High"
"623",85432.7715840878,5.2969324537128,"High"
"624",71804.6545251656,3.089396245895,"Medium"
"625",55780.1541426128,1.95066347981062,"Low"
"626",65147.5591171037,5.97022748801256,"Medium"
"627",56085.6445118221,3.20947498757986,"Medium"
"628",77046.2125482273,3.72702869342905,"High"
"629",63552.6930168174,3.50816695909391,"Medium"
"630",74025.6879722929,1.91331366095821,"Medium"
"631",75295.4372816581,4.52437596996032,"High"
"632",76334.6918038198,4.02374327921745,"High"
"633",53071.3864634758,3.65214234425319,"Medium"
"634",81647.0753777665,2.41359477104384,"Medium"
"635",17658.6971128396,1.52528218643611,"Low"
"636",42920.9754029054,1.80661673739462,"Low"
"637",83807.3361695227,3.45024313779232,"High"
"638",64447.6558437899,5.21475777695635,"High"
"639",79785.0621104194,5.45385953018939,"High"
"640",39985.736646733,3.11825919195295,"Medium"
"641",73597.9271108572,2.94578514831808,"Medium"
"642",63148.0471481782,3.82495053763185,"High"
"643",55723.2821762241,4.16493562177992,"High"
"644",52690.4208184887,3.33491062906837,"Medium"
"645",43311.1556251981,2.64613151882106,"Low"
"646",56804.4719552076,2.61479142837077,"Medium"
"647",58183.2021251418,2.52924146655624,"Medium"
"648",42173.1009715656,3.42042301543949,"Low"
"649",51544.5992825664,2.78385685038814,"Medium"
"650",59630.7803439614,3.51088192502037,"Medium"
"651",86584.219996946,4.05719984055879,"High"
"652",102432.27145638,3.28817055830363,"High"
"653",65027.5432686415,3.75674506235682,"Medium"
"654",80361.4718992229,3.39995880150973,"Medium"
"655",61997.1722908794,4.44710477944315,"Medium"
"656",80346.7032981242,4.20610095810331,"High"
"657",56471.9455097403,3.82281051530495,"High"
"658",27723.4580685632,2.63611019405077,"Low"
"659",62036.4999115618,2.24011649658613,"Medium"
"660",72475.3928455389,2.53863353746338,"Medium"
"661",75420.7661451189,4.5414237478647,"High"
"662",88032.9917805819,3.82146590487562,"High"
"663",30699.9137270174,2.34223845512411,"Low"
"664",58923.0775345149,3.15383071995956,"Medium"
"665",47109.8745041529,1.84323978408362,"Low"
"666",45239.8817311902,0.675305351470915,"Low"
"667",80872.5247179535,4.403613026493,"High"
"668",32331.4989386433,3.04871411190743,"Low"
"669",70198.1366225849,2.15208487517367,"Medium"
"670",36540.1271576708,3.663988862281,"Low"
"671",40632.8604301595,2.72733045016109,"Low"
"672",35125.808263465,4.39747133958298,"Medium"
"673",38109.4511347747,1.58146333545676,"Low"
"674",44271.8680334564,3.39456071485753,"Medium"
"675",43865.7792913062,3.16681271563013,"Medium"
"676",53458.9750210343,3.908220259627,"Medium"
"677",80915.1029778914,3.61425364665738,"High"
"678",45695.2533278886,2.38992577003687,"Low"
"679",79933.5690271374,1.73384834587554,"Medium"
"680",69259.7155963222,2.58837756623094,"Medium"
"681",72605.2305376666,3.35892331881184,"Medium"
"682",58079.5736019155,2.64924229763867,"Medium"
"683",77458.5261158992,4.06863955659069,"High"
"684",94591.2133864525,3.70639044568015,"High"
"685",78742.055157484,4.62393425882273,"High"
"686",38737.4390637243,4.24966129113007,"Medium"
"687",54863.4533253889,2.55006607656892,"Medium"
"688",54857.9102799946,2.13644585234065,"Low"
"689",49872.7861778834,4.4812316513496,"Medium"
"690",72814.3967018636,1.37509267038234,"Medium"
"691",43706.7477863006,2.12551816428688,"Low"
"692",49048.9737308457,5.01471013417547,"Medium"
"693",50253.7088927059,5.12473263248612,"Medium"
"694",46350.1316394614,2.53222214356893,"Low"
"695",66904.1765880918,2.51497489865816,"Medium"
"696",74977.0819134739,3.39343060295324,"Medium"
"697",42420.2433668321,1.84130903295159,"Low"
"698",27149.787847388,3.63873345026862,"Low"
"699",66218.8581028047,2.56374038268071,"Medium"
"700",68310.5630483126,3.5705224886993,"Medium"
"701",104400.627339936,4.63496327883803,"High"
"702",58958.386519334,2.60554542931563,"Medium"
"703",35908.6566439475,3.12544399639515,"Low"
"704",93253.8515086755,3.4673668845882,"High"
"705",73931.0925401439,3.79018903498993,"Medium"
"706",50492.424300782,4.18834692426819,"Medium"
"707",72453.5831832487,2.40841120386003,"Medium"
"708",51508.0498610881,4.19802161298317,"Medium"
"709",33277.2235694864,1.98065908144889,"Low"
"710",67652.3742418482,3.50346179479004,"Medium"
"711",62140.5329780435,3.4244861945377,"Medium"
"712",67454.4303829683,2.8875155992886,"Medium"
"713",54174.5777664834,3.48105321325096,"Medium"
"714",86010.4289847273,2.20183974470281,"Medium"
"715",69580.2369424883,3.13597662952459,"Medium"
"716",54611.7613273068,3.95711985518569,"Medium"
"717",57734.7391133998,0.542618445976679,"Low"
"718",33808.9238299266,1.12838722690398,"Low"
"719",83156.2196711648,3.11395204497558,"High"
"720",63652.1589391054,1.04202966806674,"Low"
"721",58076.1885318854,3.6103632584276,"Medium"
"722",75240.0586584069,2.40458224843372,"Medium"
"723",66439.6686215613,1.40443765968482,"Medium"
"724",57038.9574278841,3.56157599841784,"High"
"725",53024.1359288464,2.91872577038087,"Medium"
"726",80393.7976794139,4.83722161613448,"High"
"727",100813.274653302,3.1636216454937,"High"
"728",51009.5824246794,4.24351586711599,"Medium"
"729",82543.6173933716,4.44589205899971,"High"
"730",30367.4523891515,2.7078651050209,"Low"
"731",53050.3190364998,2.52443606762056,"Medium"
"732",65415.7623391143,5.77356803128312,"High"
"733",77606.2946293761,3.11196026062238,"Medium"
"734",97546.3560234168,2.54802060071789,"High"
"735",49844.4750446001,2.22452485171879,"Low"
"736",80732.9513095968,1.60086357702164,"Medium"
"737",77047.1720153913,3.84076745239773,"High"
"738",90767.5682681529,3.74540106995994,"High"
"739",61680.0056052349,3.83422837858887,"Medium"
"740",27229.837732821,3.26029532672677,"Low"
"741",73869.7329628009,3.48599765670093,"High"
"742",40303.9819420659,3.0866750877326,"Low"
"743",39967.1788893961,3.61440958816722,"Low"
"744",60652.307755058,2.58280962432018,"Medium"
"745",52598.7480123383,2.69526829573974,"Medium"
"746",35860.0361481185,3.80772161834395,"Medium"
"747",84953.5377266198,4.26209004966341,"High"
"748",37282.4438807734,2.86700369830857,"Low"
"749",63062.4525729563,4.45128843305569,"Medium"
"750",62050.793490125,4.43626330639243,"High"
"751",43943.1708647534,4.1499668076607,"Medium"
"752",39104.6750756485,2.9302847112169,"Low"
"753",25077.9926997455,2.76870276030385,"Low"
"754",18813.6962538733,2.72812400943148,"Low"
"755",66087.5782057881,4.35451857322772,"Medium"
"756",75163.1852242801,2.39661645469498,"Medium"
"757",53752.2719452272,2.30875703950442,"Medium"
"758",75713.2513716549,4.61114315293967,"High"
"759",30090.8951062563,2.29637329035918,"Low"
"760",45780.8519196905,2.46171964069993,"Low"
"761",58782.2320591522,3.88497550342515,"Medium"
"762",30120.3869608115,3.04159091896131,"Low"
"763",53785.9941276977,3.0279620317089,"Medium"
"764",50710.6213508727,2.98538796281739,"Medium"
"765",66291.5079242261,3.31501593660863,"Medium"
"766",45306.1740579013,3.30598368980401,"Low"
"767",45267.467161737,2.76221515323548,"Low"
"768",47279.4554589741,4.47546635940148,"Medium"
"769",41519.9376058309,3.24566980659437,"Medium"
"770",63799.6787450631,4.21310768062485,"Medium"
"771",75799.8146378106,4.85960144593979,"High"
"772",78267.1103392849,4.62833336042027,"High"
"773",71851.9726749184,3.60619548754789,"Medium"
"774",71657.3667781726,3.86691260195672,"High"
"775",55725.9011507463,2.30546643202905,"Low"
"776",56190.9037092012,3.44801091906026,"Medium"
"777",53420.4439695884,3.29392264889865,"Medium"
"778",56115.3626805125,4.05736630288886,"Medium"
"779",66387.523283614,3.15887113096782,"Medium"
"780",78683.1094182983,4.04575556624819,"High"
"781",53112.1534460854,2.8387531829899,"Medium"
"782",78074.3401452116,3.98774246773975,"High"
"783",14052.2248569562,2.33984424496539,"Low"
"784",63714.4125323504,1.27708372188414,"Medium"
"785",90532.8393874552,2.94075280390343,"High"
"786",59960.3982913329,3.19031099903284,"Medium"
"787",51118.9130892719,2.1720878401692,"Low"
"788",52001.6308016555,1.37343141715632,"Low"
"789",75631.5417069632,1.55212557143802,"Medium"
"790",89371.4393795299,3.80332741808631,"High"
"791",58978.6763503198,4.66368470065578,"High"
"792",55674.7561944985,4.76590240686713,"Medium"
"793",60964.6843032469,2.36571719321436,"Low"
"794",51160.005705711,4.52683633919266,"Medium"
"795",85602.3564205463,4.17670367619772,"High"
"796",62848.096263903,3.35081218763289,"Medium"
"797",47644.0870200712,2.67583056246307,"Low"
"798",61500.405428798,2.50902645999575,"Medium"
"799",54491.8105926234,3.20804005998614,"Medium"
"800",59362.4592206806,4.02767934341345,"Medium"
"801",66499.2874619447,2.61219050858942,"Medium"
"802",60621.4837628155,2.97765207493172,"Medium"
"803",46699.813050975,1.41875866704801,"Low"
"804",45902.7946366586,2.70103599103728,"Low"
"805",51439.6708532239,3.61481649668387,"Medium"
"806",91431.6421089823,4.6592897906764,"High"
"807",90547.3490363521,2.21090620057807,"Medium"
"808",77907.0854808301,3.34372944909711,"Medium"
"809",59693.4674364239,2.44630036267126,"Medium"
"810",41081.6426268549,3.25186061771183,"Medium"
"811",38536.8703999983,3.54466761497631,"Low"
"812",73244.9879729102,2.82235793785962,"Medium"
"813",67968.4383568501,3.86398094989885,"Medium"
"814",69456.5548452326,3.46588272895079,"High"
"815",69853.8621306163,3.69733991655557,"High"
"816",42489.1607759197,2.77305750320973,"Low"
"817",70974.0740099307,2.67246927007557,"Medium"
"818",58059.6830162597,0.944820906712749,"Low"
"819",66545.5911143231,4.33219164199119,"Medium"
"820",49496.2042757366,3.55980554455485,"Medium"
"821",48803.9333382797,2.75396902020385,"Medium"
"822",45684.8218123615,1.54995679540685,"Medium"
"823",60882.0294357273,4.87599776752587,"Medium"
"824",78650.4613958578,7,"High"
"825",64706.0707953024,3.42930324875529,"Medium"
"826",27656.751229667,3.12397740803222,"Low"
"827",75149.6774936139,4.29752678610953,"Medium"
"828",40666.5608528686,1.79945486546988,"Low"
"829",82858.3316586727,2.95239263073354,"Medium"
"830",73675.5545840742,1.77784351458091,"Medium"
"831",58369.1680151434,1.76977044205008,"Low"
"832",82401.7284427912,4.63714835692249,"High"
"833",61877.0153249243,3.0040211880802,"Medium"
"834",50936.3812573004,3.06932871041494,"Medium"
"835",55709.3027663094,3.15610325346955,"Medium"
"836",67392.4777642673,1.66128197052955,"Medium"
"837",61969.6762236897,3.96722622683034,"Medium"
"838",66128.4879440886,2.01996080797677,"Medium"
"839",60322.2821978283,3.07414443013246,"Medium"
"840",46015.5795739149,2.02416878064447,"Low"
"841",75610.106671096,3.91923119337588,"High"
"842",50647.4102884061,4.49847924830483,"Medium"
"843",47185.9802891592,2.75531736926823,"Medium"
"844",54649.4051078577,1.73005949496128,"Low"
"845",67289.2106351647,1.95494638328834,"Medium"
"846",63404.2417049665,2.56441012916782,"Medium"
"847",76373.3748420233,3.11032649364914,"High"
"848",38293.8114366213,2.74678615468767,"Low"
"849",33135.6471380659,1.66184771115134,"Low"
"850",29612.5872816543,2.65808905431054,"Low"
"851",40492.8103101208,3.12719211348903,"Medium"
"852",77532.1898561325,2.02843809208963,"Medium"
"853",84872.6852017106,3.43093525009631,"High"
"854",46045.2775611782,4.00775936685482,"Medium"
"855",71684.5806009516,4.02309390162309,"Medium"
"856",61881.0399078526,4.96423333850309,"Medium"
"857",89158.459612358,4.10277605354358,"High"
"858",44977.9480662324,1.12164290921283,"Low"
"859",40297.5904127455,1.74259146538476,"Low"
"860",78294.358437948,4.45453587202459,"High"
"861",59759.3954031276,4.87422779215998,"Medium"
"862",51107.6328259385,2.49245414196899,"Low"
"863",75679.3782091644,4.22567264539908,"Medium"
"864",53289.2674694887,3.90785649896855,"Medium"
"865",54127.2145629414,2.25505527888244,"Medium"
"866",63337.835578882,3.10611978606342,"Medium"
"867",72108.9991747269,3.51277346314676,"Low"
"868",34673.1767049982,3.14641923355689,"Low"
"869",72965.6431252223,3.64810548091515,"Medium"
"870",57270.2376794914,3.65947439219373,"Medium"
"871",38733.7152886908,1.97906069481312,"Low"
"872",38919.8831907956,1.27226102988284,"Low"
"873",74020.2705734776,5.21166402319732,"High"
"874",84925.6942184106,2.03982798970846,"Medium"
"875",87356.0600382066,3.30435006476606,"High"
"876",64988.1723895793,3.78910077869756,"Medium"
"877",56184.1906826622,1.32108154747864,"Low"
"878",86835.2798389441,2.78108844034155,"Medium"
"879",93519.6515119196,3.09614337995928,"High"
"880",43442.0976767119,3.78201431376415,"Medium"
"881",29309.5000426288,2.77953773729324,"Low"
"882",61442.2162322613,4.46597143972666,"High"
"883",28026.1570487673,3.62989609841689,"Medium"
"884",55126.7606653698,2.87423472872637,"Low"
"885",53897.396228461,3.79797141351162,"Medium"
"886",91886.8677142533,2.42529743593469,"High"
"887",75441.7077422792,3.12515286740698,"Medium"
"888",55474.6166807191,3.3481929606993,"Medium"
"889",57651.8337456602,3.87080402053351,"Medium"
"890",50426.8642479182,1.38485594192998,"Low"
"891",65857.2462524709,2.82570857106823,"Medium"
"892",75684.1624779924,3.18932411830077,"High"
"893",66284.1701976544,4.15469508934046,"Medium"
"894",63447.3863927148,4.34406082601595,"Medium"
"895",74866.8105991057,4.77822738988344,"High"
"896",71137.7594595411,3.06233579318491,"High"
"897",48074.3811426108,2.78435151781565,"Low"
"898",73820.3248188958,4.23426231356596,"Medium"
"899",57454.6877428884,2.54190728899738,"Low"
"900",92528.0629923559,3.62257687032642,"High"
"901",79007.6947780157,3.17867470372405,"High"
"902",57884.1410805219,2.6842576370358,"Medium"
"903",71740.8921374775,4.71605793376162,"High"
"904",58442.601777621,2.88370432565874,"Medium"
"905",68845.1728192728,3.44649095939877,"Medium"
"906",60134.2444566462,4.35761088890491,"Medium"
"907",57905.4962819012,4.59952415904602,"High"
"908",55199.4504998071,5.27077625900849,"High"
"909",86275.6218175655,2.65329000973033,"High"
"910",45103.758725097,2.15894813015527,"Low"
"911",16241.8980835486,2.45409046566303,"Low"
"912",31308.4378190879,2.89245450502215,"Low"
"913",85043.7141206226,3.10774685660148,"High"
"914",75370.3479941238,3.94038334319072,"Medium"
"915",37900.2018279221,3.51459047708903,"Medium"
"916",65740.6627058548,4.33102861979115,"High"
"917",47729.5420230933,3.68625365160942,"Medium"
"918",63992.6995319126,3.15286035752086,"Medium"
"919",62221.9961873389,4.04227527929589,"Medium"
"920",55817.3533090721,3.8055460318309,"Medium"
"921",63118.5564279954,3.97760712082813,"High"
"922",31842.1283198629,3.28665654619737,"Low"
"923",54317.4793675198,3.50192975801884,"Medium"
"924",76236.5277548574,4.67670757155646,"High"
"925",81920.0752448574,2.74497315452722,"Medium"
"926",48653.0746730396,4.60131416089597,"Medium"
"927",62495.6756352499,3.24878383456975,"Medium"
"928",50807.1626885402,3.97594434562842,"Medium"
"929",28827.3190759329,2.31308177043177,"Low"
"930",88892.2876738,3.86712813851438,"High"
"931",66288.6361729552,4.77546288277147,"High"
"932",78645.8845791214,1.04584805725006,"Low"
"933",80206.200465371,4.51418646001273,"High"
"934",60971.2124325349,3.58815430321995,"Medium"
"935",89142.6515995906,1.80498226140417,"High"
"936",61996.1278065089,2.71300845232892,"Low"
"937",76435.5314505963,1.40113349463977,"Medium"
"938",75721.2424783032,4.66907000490287,"High"
"939",69172.9158186982,3.71835190219399,"High"
"940",33108.9940909898,1.80531735390068,"Low"
"941",71957.3034218275,4.09998805869525,"High"
"942",70672.2609588792,4.42428577231769,"Medium"
"943",61640.9576958618,2.70984962542062,"Medium"
"944",51202.95325237,3.72861015813681,"Medium"
"945",50237.6563149797,2.68977274013646,"Low"
"946",61611.8861921747,1.39165730027716,"Low"
"947",59681.9240319932,1.76597703430703,"Medium"
"948",63345.1687160085,1.55123129872388,"Medium"
"949",63650.0979937393,3.72278055702,"Medium"
"950",61685.6155199646,3.22253163937845,"Medium"
"951",59945.8459936889,4.83191727230654,"Medium"
"952",59843.3082597246,2.88825954489402,"Low"
"953",77227.2153652463,4.83116964073147,"High"
"954",34790.6840299184,3.53763330775624,"Low"
"955",68785.7736414836,2.82475342252322,"Medium"
"956",78499.7450590665,4.54127408462073,"High"
"957",65759.9686117788,3.99382860261516,"Medium"
"958",35311.7778015707,3.56748359744556,"Low"
"959",64042.5515985717,3.90322108017504,"Medium"
"960",42576.914087361,3.61169847085602,"Medium"
"961",64714.6838818926,2.51103525190406,"Medium"
"962",53338.9723618247,3.87497334998853,"Medium"
"963",46515.0638472157,3.67923762557602,"Medium"
"964",35665.9943133267,2.93996911737601,"Low"
"965",83540.1633030047,4.4674741528297,"High"
"966",63345.745585582,3.07989125790987,"Medium"
"967",69697.5991940818,3.18657290446202,"Medium"
"968",50744.5194621868,2.98530941249781,"Low"
"969",89536.1817554006,4.25234446147433,"High"
"970",60772.4213915063,2.54357227342424,"Medium"
"971",66794.0771441031,3.85813994558861,"High"
"972",43765.6710127286,1.27248262645985,"Low"
"973",97230.6576877412,3.28033196889983,"High"
"974",60742.7109256564,3.12874268646197,"Medium"
"975",49250.883400909,1.71722500017844,"Medium"
"976",72868.7687879543,1.8107758490581,"Medium"
"977",80228.7011206797,5.04702985423918,"High"
"978",39900.118286914,1.90631864798024,"Low"
"979",69836.497133334,1.67150456604404,"Medium"
"980",77436.1677472033,3.15584401227863,"Medium"
"981",71797.4022173817,4.3799110177079,"Medium"
"982",54241.7552140687,3.81751797335551,"Medium"
"983",79408.3078376033,4.48261620969517,"High"
"984",41234.440695683,4.26268584352477,"Medium"
"985",75187.411719346,3.44724525488206,"High"
"986",100944.619985065,4.72872671479922,"High"
"987",61331.2813828739,1.89738382591277,"Low"
"988",39879.0866131869,2.39919792358618,"Low"
"989",27175.1263958701,4.2889092622941,"Low"
"990",42944.6408562191,4.07974023408997,"Medium"
"991",63827.5604329437,3.05415028892298,"Low"
"992",47503.9377178104,1.45242878552089,"Low"
"993",57587.5136074229,2.58102387477902,"Medium"
"994",66049.6459517052,5.2020099049886,"Medium"
"995",52927.518263915,2.31890000053931,"Medium"
"996",88242.9981737828,4.28892126105859,"High"
"997",74842.5965268882,4.01412635534963,"Medium"
"998",55810.1479432249,4.12184497923396,"Medium"
"999",74295.4601904613,4.1819022391966,"Medium"
"1000",50246.4238471783,2.25929159708239,"Low"
